,Duration,Epidemic
0,9.25,1.0
2273,16.25,1.0
2271,14.75,1.0
2269,32.25,1.0
2264,15.0,1.0
2260,13.0,1.0
2253,17.75,1.0
2252,7.25,1.0
2247,12.25,1.0
2245,11.5,1.0
2244,13.0,1.0
2274,4.75,1.0
2232,8.0,1.0
2223,19.75,1.0
2211,7.25,1.0
2210,9.25,1.0
2207,9.5,1.0
2201,15.25,1.0
2197,13.75,1.0
2190,14.25,1.0
2189,11.75,1.0
2183,8.0,1.0
2179,11.25,1.0
2225,21.0,1.0
2280,12.75,1.0
2281,10.5,1.0
2283,14.75,1.0
2380,41.0,1.0
2378,30.5,1.0
2377,3.5,1.0
2376,5.75,1.0
2374,11.0,1.0
2372,19.0,1.0
2371,16.75,1.0
2370,29.25,1.0
2368,6.0,1.0
2355,4.75,1.0
2352,13.0,1.0
2350,13.5,1.0
2348,4.75,1.0
2347,19.75,1.0
2346,21.75,1.0
2339,3.25,1.0
2336,26.75,1.0
2333,12.5,1.0
2325,10.5,1.0
2324,26.75,1.0
2319,11.75,1.0
2312,11.5,1.0
2285,5.5,1.0
2178,15.75,1.0
2166,15.5,1.0
2163,4.25,1.0
2162,3.5,1.0
2029,12.0,1.0
2020,26.75,1.0
2018,10.25,1.0
2013,5.5,1.0
2007,13.0,1.0
2005,10.75,1.0
2003,17.5,1.0
2001,4.5,1.0
1996,10.0,1.0
1995,16.75,1.0
1994,10.25,1.0
1988,22.5,1.0
1981,5.5,1.0
1974,23.75,1.0
1961,29.0,1.0
1949,12.75,1.0
1948,14.75,1.0
1938,10.75,1.0
1934,15.75,1.0
1930,11.0,1.0
1928,12.75,1.0
1919,11.0,1.0
1916,6.5,1.0
2032,16.5,1.0
2385,10.25,1.0
2038,7.75,1.0
2045,14.75,1.0
2158,18.0,1.0
2155,6.75,1.0
2151,12.5,1.0
2149,10.0,1.0
2146,5.25,1.0
2145,7.25,1.0
2140,6.25,1.0
2138,24.25,1.0
2127,16.75,1.0
2125,28.5,1.0
2123,17.75,1.0
2113,16.0,1.0
2112,8.0,1.0
2108,11.75,1.0
2106,8.25,1.0
2101,14.25,1.0
2093,10.75,1.0
2091,14.25,1.0
2074,13.0,1.0
2071,11.75,1.0
2069,11.25,1.0
2067,17.0,1.0
2062,15.25,1.0
2042,15.5,1.0
2391,20.25,1.0
2392,12.0,1.0
2393,9.0,1.0
2841,11.0,1.0
2840,9.25,1.0
2835,26.0,1.0
2833,6.5,1.0
2829,17.0,1.0
2815,14.25,1.0
2813,28.75,1.0
2810,14.5,1.0
2807,9.25,1.0
2799,15.75,1.0
2793,10.0,1.0
2782,2.5,1.0
2780,21.0,1.0
2778,10.5,1.0
2775,18.5,1.0
2770,8.0,1.0
2762,5.5,1.0
2757,16.5,1.0
2755,15.25,1.0
2745,20.25,1.0
2741,21.0,1.0
2740,5.75,1.0
2738,23.0,1.0
2845,29.0,1.0
2731,28.0,1.0
2852,16.75,1.0
2855,16.5,1.0
2969,15.0,1.0
2968,12.5,1.0
2967,11.75,1.0
2959,13.0,1.0
2952,17.75,1.0
2949,21.75,1.0
2945,6.75,1.0
2944,12.0,1.0
2942,13.25,1.0
2935,10.75,1.0
2931,27.75,1.0
2924,5.5,1.0
2921,18.75,1.0
2918,7.75,1.0
2911,20.0,1.0
2909,19.0,1.0
2901,14.75,1.0
2897,9.0,1.0
2893,22.25,1.0
2879,9.5,1.0
2872,20.5,1.0
2869,24.25,1.0
2858,6.5,1.0
2853,6.0,1.0
1909,15.5,1.0
2727,9.0,1.0
2714,28.25,1.0
2525,13.5,1.0
2510,21.5,1.0
2508,13.5,1.0
2502,11.75,1.0
2493,11.0,1.0
2487,7.0,1.0
2485,4.5,1.0
2483,9.5,1.0
2478,9.5,1.0
2472,11.5,1.0
2471,10.0,1.0
2464,12.0,1.0
2462,21.25,1.0
2458,15.5,1.0
2457,13.25,1.0
2445,7.25,1.0
2439,14.75,1.0
2437,19.0,1.0
2409,11.5,1.0
2405,5.25,1.0
2404,12.0,1.0
2398,11.75,1.0
2397,16.0,1.0
2537,15.25,1.0
2720,11.0,1.0
2551,12.5,1.0
2558,24.25,1.0
2709,20.5,1.0
2708,18.25,1.0
2706,5.5,1.0
2704,13.0,1.0
2703,12.5,1.0
2684,17.75,1.0
2674,7.0,1.0
2673,13.25,1.0
2661,12.75,1.0
2653,11.0,1.0
2644,23.0,1.0
2641,12.25,1.0
2631,29.5,1.0
2616,18.0,1.0
2614,22.25,1.0
2612,20.25,1.0
2600,33.75,1.0
2599,11.75,1.0
2598,23.25,1.0
2586,17.75,1.0
2581,12.25,1.0
2569,10.75,1.0
2562,7.0,1.0
2555,25.25,1.0
2971,22.0,1.0
1906,32.25,1.0
1894,11.75,1.0
1224,13.5,1.0
1219,6.25,1.0
1210,7.75,1.0
1206,28.75,1.0
1205,18.25,1.0
1204,18.5,1.0
1201,23.0,1.0
1198,6.0,1.0
1193,14.5,1.0
1190,17.25,1.0
1236,12.25,1.0
1181,21.25,1.0
1177,21.75,1.0
1171,8.25,1.0
1167,13.25,1.0
1162,13.0,1.0
1155,13.25,1.0
1144,9.25,1.0
1129,15.75,1.0
1127,4.25,1.0
1120,10.25,1.0
1118,16.5,1.0
1178,17.75,1.0
1237,17.5,1.0
1248,5.75,1.0
1254,21.25,1.0
1374,7.0,1.0
1368,26.5,1.0
1367,16.75,1.0
1366,19.25,1.0
1365,21.75,1.0
1363,5.75,1.0
1358,7.75,1.0
1338,10.75,1.0
1328,14.75,1.0
1326,9.0,1.0
1325,8.25,1.0
1322,4.5,1.0
1316,6.5,1.0
1313,7.25,1.0
1302,17.25,1.0
1301,26.5,1.0
1280,13.5,1.0
1279,19.5,1.0
1275,5.25,1.0
1269,15.0,1.0
1266,22.0,1.0
1263,13.5,1.0
1257,3.75,1.0
1115,4.75,1.0
1113,6.75,1.0
1111,13.5,1.0
1100,11.25,1.0
960,20.0,1.0
956,10.25,1.0
954,22.5,1.0
951,15.0,1.0
942,9.25,1.0
934,10.75,1.0
933,11.75,1.0
931,7.75,1.0
925,12.0,1.0
921,4.25,1.0
917,10.0,1.0
905,2.75,1.0
903,15.75,1.0
897,9.75,1.0
892,53.0,1.0
885,12.5,1.0
884,5.0,1.0
883,19.0,1.0
880,5.25,1.0
874,7.5,1.0
873,10.25,1.0
869,12.0,1.0
865,5.25,1.0
962,9.5,1.0
1382,20.25,1.0
964,10.25,1.0
979,11.5,1.0
1095,11.75,1.0
1092,13.5,1.0
1091,19.75,1.0
1090,3.25,1.0
1081,7.25,1.0
1079,16.25,1.0
1076,11.0,1.0
1067,7.25,1.0
1066,16.5,1.0
1060,12.5,1.0
1059,21.0,1.0
1053,19.75,1.0
1048,16.5,1.0
1046,16.5,1.0
1044,22.5,1.0
1043,14.5,1.0
1040,20.0,1.0
1026,12.0,1.0
1023,16.25,1.0
1004,11.0,1.0
994,14.5,1.0
989,5.25,1.0
983,13.5,1.0
978,6.75,1.0
1383,14.5,1.0
1391,9.5,1.0
1395,7.25,1.0
1774,11.25,1.0
1773,23.25,1.0
1768,8.25,1.0
1765,23.0,1.0
1759,17.25,1.0
1757,12.75,1.0
1755,9.75,1.0
1748,8.0,1.0
1746,16.5,1.0
1745,9.0,1.0
1744,23.75,1.0
1737,7.0,1.0
1736,20.25,1.0
1735,6.25,1.0
1730,37.75,1.0
1716,12.5,1.0
1708,13.0,1.0
1698,20.75,1.0
1687,7.25,1.0
1685,13.75,1.0
1682,15.75,1.0
1674,19.0,1.0
1672,5.5,1.0
1775,14.5,1.0
1669,20.5,1.0
1778,13.75,1.0
1806,12.0,1.0
1893,9.25,1.0
1882,19.75,1.0
1876,10.0,1.0
1872,12.0,1.0
1871,10.75,1.0
1866,15.25,1.0
1860,16.75,1.0
1859,10.75,1.0
1858,27.25,1.0
1856,10.0,1.0
1845,14.75,1.0
1839,17.0,1.0
1834,11.0,1.0
1833,26.25,1.0
1825,13.25,1.0
1822,1.5,1.0
1818,13.25,1.0
1816,18.75,1.0
1815,31.5,1.0
1814,22.0,1.0
1813,25.5,1.0
1811,14.75,1.0
1808,19.25,1.0
1802,30.75,1.0
1903,10.5,1.0
1667,15.5,1.0
1660,6.5,1.0
1491,10.5,1.0
1487,12.5,1.0
1485,24.0,1.0
1482,17.25,1.0
1479,10.25,1.0
1478,16.0,1.0
1475,16.25,1.0
1473,9.75,1.0
1470,6.75,1.0
1469,15.75,1.0
1464,17.0,1.0
1462,24.0,1.0
1458,9.75,1.0
1449,28.75,1.0
1445,12.0,1.0
1442,21.25,1.0
1440,26.75,1.0
1435,11.75,1.0
1430,8.0,1.0
1413,6.5,1.0
1409,9.75,1.0
1406,13.25,1.0
1404,12.75,1.0
1497,26.5,1.0
1666,9.25,1.0
1499,5.5,1.0
1508,10.75,1.0
1656,16.75,1.0
1654,26.0,1.0
1640,21.0,1.0
1635,4.75,1.0
1627,22.5,1.0
1618,31.25,1.0
1612,19.0,1.0
1601,19.25,1.0
1600,30.75,1.0
1598,20.5,1.0
1593,6.0,1.0
1572,14.5,1.0
1550,10.0,1.0
1546,18.0,1.0
1541,16.0,1.0
1540,19.25,1.0
1539,15.0,1.0
1536,20.0,1.0
1534,9.0,1.0
1525,18.5,1.0
1519,14.75,1.0
1517,8.0,1.0
1509,21.5,1.0
1500,14.0,1.0
2972,9.0,1.0
2978,5.75,1.0
2982,7.5,1.0
4358,17.0,1.0
4357,15.75,1.0
4354,8.0,1.0
4352,9.0,1.0
4340,19.75,1.0
4332,19.5,1.0
4329,33.0,1.0
4326,4.5,1.0
4325,13.5,1.0
4320,6.0,1.0
4389,5.5,1.0
4313,23.5,1.0
4295,3.75,1.0
4279,11.0,1.0
4271,15.5,1.0
4270,2.5,1.0
4251,22.75,1.0
4250,14.0,1.0
4248,16.75,1.0
4242,7.25,1.0
4240,19.75,1.0
4234,13.75,1.0
4306,13.5,1.0
4390,9.0,1.0
4393,6.5,1.0
4395,18.75,1.0
4544,15.5,1.0
4541,10.75,1.0
4540,12.25,1.0
4531,31.25,1.0
4530,11.25,1.0
4519,18.5,1.0
4508,8.5,1.0
4505,3.25,1.0
4502,2.25,1.0
4495,10.75,1.0
4484,8.5,1.0
4482,9.0,1.0
4481,8.5,1.0
4471,12.25,1.0
4454,10.75,1.0
4448,12.25,1.0
4441,9.0,1.0
4430,11.5,1.0
4423,23.5,1.0
4422,16.75,1.0
4405,11.5,1.0
4404,9.75,1.0
4402,26.5,1.0
4232,2.75,1.0
4223,9.5,1.0
4215,8.25,1.0
4207,9.0,1.0
4071,6.25,1.0
4068,15.25,1.0
4064,17.75,1.0
4061,15.25,1.0
4053,8.75,1.0
4045,10.0,1.0
4044,18.5,1.0
4034,6.75,1.0
4033,11.25,1.0
4029,6.0,1.0
4028,11.0,1.0
4024,14.75,1.0
4010,7.25,1.0
4007,5.75,1.0
4003,11.75,1.0
3992,26.25,1.0
3990,15.25,1.0
3988,17.75,1.0
3987,16.25,1.0
3980,14.75,1.0
3979,28.0,1.0
3977,11.5,1.0
3972,17.5,1.0
4072,7.0,1.0
4545,6.25,1.0
4081,6.25,1.0
4093,10.5,1.0
4205,6.75,1.0
4201,15.0,1.0
4199,21.5,1.0
4198,12.5,1.0
4197,6.0,1.0
4194,20.25,1.0
4185,8.0,1.0
4184,19.75,1.0
4183,14.75,1.0
4182,7.0,1.0
4181,12.5,1.0
4175,19.25,1.0
4168,7.5,1.0
4153,1.25,1.0
4152,11.0,1.0
4151,17.0,1.0
4150,4.25,1.0
4142,4.25,1.0
4132,22.75,1.0
4117,14.75,1.0
4113,5.75,1.0
4108,19.75,1.0
4105,12.0,1.0
4088,12.5,1.0
4549,23.5,1.0
4552,17.75,1.0
4555,24.0,1.0
4904,14.75,1.0
4903,12.25,1.0
4899,23.0,1.0
4895,21.0,1.0
4894,13.0,1.0
4893,6.5,1.0
4888,10.75,1.0
4884,7.5,1.0
4883,8.0,1.0
4877,13.75,1.0
4875,16.0,1.0
4874,16.5,1.0
4873,16.5,1.0
4872,11.75,1.0
4871,11.0,1.0
4868,11.25,1.0
4862,17.0,1.0
4853,20.75,1.0
4852,4.0,1.0
4850,20.0,1.0
4848,4.75,1.0
4842,22.75,1.0
4838,8.75,1.0
4905,19.5,1.0
4836,8.75,1.0
4907,12.25,1.0
4918,4.75,1.0
4991,19.5,1.0
4988,17.5,1.0
4985,15.25,1.0
4984,2.0,1.0
4980,18.0,1.0
4979,19.0,1.0
4978,8.75,1.0
4977,13.5,1.0
4971,6.5,1.0
4969,10.75,1.0
4964,13.0,1.0
4963,14.5,1.0
4961,19.75,1.0
4953,9.25,1.0
4949,15.75,1.0
4946,19.5,1.0
4943,46.75,1.0
4941,4.0,1.0
4939,14.5,1.0
4938,9.75,1.0
4937,17.25,1.0
4935,15.25,1.0
4921,10.25,1.0
4914,8.5,1.0
3969,10.75,1.0
4835,28.0,1.0
4830,8.25,1.0
4677,23.25,1.0
4676,14.75,1.0
4669,11.75,1.0
4668,11.25,1.0
4662,12.5,1.0
4657,10.0,1.0
4651,6.0,1.0
4649,16.25,1.0
4644,20.0,1.0
4642,3.75,1.0
4640,9.0,1.0
4629,15.25,1.0
4624,10.0,1.0
4618,5.5,1.0
4616,8.5,1.0
4605,9.5,1.0
4604,11.5,1.0
4602,15.25,1.0
4583,24.75,1.0
4570,17.5,1.0
4564,21.5,1.0
4562,9.0,1.0
4561,19.5,1.0
4682,11.0,1.0
4831,10.0,1.0
4686,5.25,1.0
4691,23.25,1.0
4828,29.75,1.0
4824,22.5,1.0
4817,17.0,1.0
4814,4.25,1.0
4804,14.0,1.0
4801,6.25,1.0
4797,7.0,1.0
4788,11.75,1.0
4784,15.0,1.0
4765,27.75,1.0
4764,18.25,1.0
4762,19.75,1.0
4758,10.5,1.0
4756,5.25,1.0
4750,8.5,1.0
4745,22.5,1.0
4721,7.75,1.0
4716,7.0,1.0
4711,16.25,1.0
4710,5.0,1.0
4709,9.75,1.0
4696,9.5,1.0
4693,17.75,1.0
4690,16.0,1.0
3968,8.25,1.0
3964,12.75,1.0
3963,10.75,1.0
3352,28.25,1.0
3349,35.0,1.0
3327,8.5,1.0
3326,12.75,1.0
3325,15.5,1.0
3319,8.75,1.0
3316,22.25,1.0
3312,65.0,1.0
3301,11.25,1.0
3300,12.0,1.0
3291,22.0,1.0
3290,7.25,1.0
3289,18.25,1.0
3287,9.0,1.0
3281,20.5,1.0
3277,18.75,1.0
3273,8.25,1.0
3269,10.0,1.0
3268,13.0,1.0
3266,33.5,1.0
3260,7.75,1.0
3253,6.25,1.0
3249,10.5,1.0
3357,14.25,1.0
3241,6.75,1.0
3359,17.25,1.0
3372,10.0,1.0
3483,5.5,1.0
3477,21.75,1.0
3461,18.5,1.0
3455,9.75,1.0
3452,4.0,1.0
3449,9.5,1.0
3447,6.0,1.0
3444,10.75,1.0
3442,7.0,1.0
3432,8.5,1.0
3419,6.25,1.0
3411,23.75,1.0
3410,9.75,1.0
3409,14.25,1.0
3408,7.5,1.0
3405,18.5,1.0
3404,14.25,1.0
3403,21.25,1.0
3394,13.0,1.0
3389,25.0,1.0
3386,10.75,1.0
3381,26.75,1.0
3375,5.75,1.0
3361,5.75,1.0
3484,15.25,1.0
3239,23.0,1.0
3225,11.25,1.0
3104,8.0,1.0
3103,23.5,1.0
3093,13.5,1.0
3091,21.25,1.0
3087,13.0,1.0
3077,9.5,1.0
3076,10.75,1.0
3072,13.75,1.0
3066,17.5,1.0
3065,16.5,1.0
3048,11.5,1.0
3046,35.0,1.0
3044,6.25,1.0
3040,9.0,1.0
3036,17.0,1.0
3035,33.25,1.0
3033,11.25,1.0
3029,10.5,1.0
3027,23.25,1.0
3013,3.75,1.0
3012,17.5,1.0
2992,14.75,1.0
2990,15.5,1.0
3107,12.75,1.0
3237,4.75,1.0
3108,14.5,1.0
3119,14.75,1.0
3218,13.5,1.0
3217,24.5,1.0
3210,10.5,1.0
3206,6.5,1.0
3197,16.25,1.0
3195,23.25,1.0
3193,13.0,1.0
3190,18.25,1.0
3187,13.0,1.0
3182,10.25,1.0
3178,11.0,1.0
3173,18.25,1.0
3170,6.25,1.0
3167,18.25,1.0
3162,19.0,1.0
3153,12.5,1.0
3152,28.0,1.0
3142,11.0,1.0
3130,15.5,1.0
3129,12.5,1.0
3123,17.25,1.0
3122,11.75,1.0
3120,14.5,1.0
3114,17.5,1.0
863,15.75,1.0
3485,13.5,1.0
3491,6.0,1.0
3857,51.0,1.0
3853,12.25,1.0
3852,22.5,1.0
3837,7.5,1.0
3833,7.75,1.0
3831,7.0,1.0
3830,19.75,1.0
3824,25.5,1.0
3823,7.5,1.0
3819,23.25,1.0
3806,8.75,1.0
3784,13.0,1.0
3779,13.75,1.0
3778,6.75,1.0
3767,30.75,1.0
3764,10.25,1.0
3763,12.25,1.0
3749,6.0,1.0
3748,19.25,1.0
3747,7.5,1.0
3746,11.25,1.0
3745,19.25,1.0
3744,11.0,1.0
3859,10.25,1.0
3742,7.0,1.0
3868,23.5,1.0
3872,10.75,1.0
3962,7.25,1.0
3955,9.75,1.0
3953,16.0,1.0
3949,17.5,1.0
3948,28.25,1.0
3946,17.5,1.0
3944,30.75,1.0
3941,28.5,1.0
3939,14.0,1.0
3937,8.5,1.0
3932,9.0,1.0
3930,11.5,1.0
3927,12.25,1.0
3925,10.25,1.0
3911,14.25,1.0
3910,5.75,1.0
3905,25.5,1.0
3899,5.5,1.0
3896,18.5,1.0
3894,6.0,1.0
3886,9.5,1.0
3878,14.5,1.0
3877,7.5,1.0
3871,16.75,1.0
3489,12.5,1.0
3741,17.0,1.0
3727,16.0,1.0
3598,6.75,1.0
3593,12.25,1.0
3589,11.5,1.0
3585,18.75,1.0
3584,19.75,1.0
3580,10.5,1.0
3570,13.0,1.0
3568,16.5,1.0
3559,7.5,1.0
3552,12.25,1.0
3548,15.75,1.0
3546,10.5,1.0
3543,8.25,1.0
3542,13.75,1.0
3539,22.25,1.0
3537,21.25,1.0
3536,9.0,1.0
3528,9.25,1.0
3518,19.5,1.0
3516,15.5,1.0
3514,10.25,1.0
3507,45.25,1.0
3496,9.25,1.0
3605,17.0,1.0
3738,13.5,1.0
3613,9.0,1.0
3621,7.0,1.0
3721,22.5,1.0
3717,24.0,1.0
3716,8.5,1.0
3714,6.0,1.0
3706,8.75,1.0
3692,7.25,1.0
3690,15.75,1.0
3681,4.75,1.0
3676,5.75,1.0
3675,5.0,1.0
3674,16.0,1.0
3672,10.75,1.0
3665,20.5,1.0
3655,29.5,1.0
3653,21.25,1.0
3646,6.0,1.0
3644,7.0,1.0
3643,8.5,1.0
3639,20.25,1.0
3634,10.25,1.0
3632,17.75,1.0
3630,13.5,1.0
3622,17.25,1.0
3619,7.5,1.0
862,3.75,1.0
4999,14.5,1.0
149,19.75,1.0
187,4.5,1.0
826,12.25,1.0
555,10.25,1.0
190,18.5,1.0
590,7.5,1.0
316,4.75,1.0
489,11.25,1.0
155,7.5,1.0
627,11.0,1.0
191,16.5,1.0
318,10.0,1.0
788,15.25,1.0
236,14.25,1.0
235,15.0,1.0
390,12.75,1.0
821,21.75,1.0
347,23.0,1.0
820,3.0,1.0
113,16.0,1.0
193,13.25,1.0
589,5.75,1.0
233,10.25,1.0
561,6.25,1.0
477,12.75,1.0
433,10.75,1.0
436,10.25,1.0
552,14.0,1.0
594,17.5,1.0
123,8.5,1.0
251,20.0,1.0
56,11.25,1.0
182,7.0,1.0
830,4.5,1.0
542,18.5,1.0
600,4.75,1.0
424,26.25,1.0
351,13.75,1.0
545,5.75,1.0
425,18.0,1.0
242,6.25,1.0
310,14.5,1.0
209,27.0,1.0
629,6.75,1.0
120,19.5,1.0
119,34.0,1.0
596,9.25,1.0
709,34.25,1.0
765,14.25,1.0
392,24.5,1.0
711,7.75,1.0
244,8.25,1.0
760,18.0,1.0
635,18.75,1.0
55,5.25,1.0
105,13.25,1.0
438,20.5,1.0
720,11.0,1.0
338,12.25,1.0
798,12.0,1.0
92,11.5,1.0
461,23.25,1.0
729,21.5,1.0
806,5.0,1.0
159,14.25,1.0
805,9.5,1.0
576,3.25,1.0
618,6.75,1.0
648,14.25,1.0
723,37.5,1.0
802,19.25,1.0
456,11.25,1.0
215,10.75,1.0
387,14.75,1.0
454,21.5,1.0
768,11.0,1.0
333,10.0,1.0
725,5.5,1.0
800,10.25,1.0
727,8.0,1.0
579,14.25,1.0
724,21.5,1.0
74,26.0,1.0
568,15.75,1.0
221,19.0,1.0
75,10.5,1.0
475,13.25,1.0
104,7.5,1.0
815,20.0,1.0
320,7.25,1.0
639,15.25,1.0
342,11.75,1.0
736,25.75,1.0
375,7.75,1.0
653,26.0,1.0
228,7.0,1.0
808,23.25,1.0
198,16.5,1.0
76,19.0,1.0
756,18.0,1.0
79,16.0,1.0
716,21.75,1.0
717,20.0,1.0
374,14.75,1.0
797,17.0,1.0
441,5.0,1.0
719,21.5,1.0
464,6.0,1.0
567,26.75,1.0
226,27.75,1.0
252,22.75,1.0
335,5.25,1.0
169,19.25,1.0
14,4.75,1.0
397,15.0,1.0
127,14.25,1.0
606,5.75,1.0
30,16.0,1.0
260,15.5,1.0
297,3.5,1.0
363,12.0,1.0
506,8.75,1.0
34,19.5,1.0
676,8.0,1.0
687,8.25,1.0
410,13.25,1.0
692,10.75,1.0
505,7.5,1.0
289,15.0,1.0
604,4.75,1.0
699,10.0,1.0
28,22.0,1.0
128,9.25,1.0
27,12.75,1.0
774,13.25,1.0
269,16.5,1.0
131,6.75,1.0
18,8.5,1.0
681,33.75,1.0
16,9.25,1.0
268,14.75,1.0
695,21.75,1.0
412,23.0,1.0
634,6.5,1.0
373,34.75,1.0
514,17.25,1.0
602,9.75,1.0
176,7.75,1.0
266,9.75,1.0
697,14.25,1.0
683,6.25,1.0
263,11.25,1.0
15,14.25,1.0
38,16.0,1.0
405,13.0,1.0
670,12.0,1.0
283,6.5,1.0
523,18.0,1.0
504,19.75,1.0
856,10.25,1.0
611,5.5,1.0
287,10.25,1.0
536,12.5,1.0
704,16.75,1.0
503,8.0,1.0
303,7.75,1.0
836,5.0,1.0
50,6.25,1.0
369,18.5,1.0
51,4.5,1.0
166,12.0,1.0
525,12.75,1.0
300,19.0,1.0
838,8.0,1.0
257,9.75,1.0
748,25.75,1.0
527,6.25,1.0
163,5.75,1.0
368,12.5,1.0
302,7.75,1.0
396,21.25,1.0
44,22.5,1.0
3258,17.25,2.0
3106,42.75,2.0
3305,23.5,2.0
402,32.25,2.0
581,24.75,2.0
3983,14.75,2.0
4174,36.5,2.0
645,20.5,2.0
2937,27.25,2.0
3181,31.5,2.0
3397,14.75,2.0
4593,35.5,2.0
3259,23.0,2.0
2922,22.25,2.0
4178,12.75,2.0
3989,18.75,2.0
3995,37.5,2.0
1153,49.0,2.0
4579,19.25,2.0
4586,20.0,2.0
1904,35.75,2.0
4364,29.0,2.0
1312,20.25,2.0
4350,31.0,2.0
753,30.0,2.0
4384,17.0,2.0
3663,17.0,2.0
3406,31.25,2.0
2917,24.5,2.0
1149,19.25,2.0
3400,17.5,2.0
4200,18.25,2.0
4343,17.25,2.0
4453,19.0,2.0
4542,24.5,2.0
3313,41.0,2.0
4431,12.5,2.0
786,33.25,2.0
4087,33.25,2.0
1958,20.75,2.0
745,45.75,2.0
2150,20.25,2.0
4144,17.75,2.0
1957,26.75,2.0
4128,33.5,2.0
1216,30.25,2.0
4127,41.25,2.0
124,38.5,2.0
1247,16.25,2.0
3246,13.5,2.0
3026,41.0,2.0
4450,27.5,2.0
2134,22.25,2.0
143,23.25,2.0
1417,43.0,2.0
4460,31.25,2.0
3160,37.75,2.0
3041,22.5,2.0
4118,31.25,2.0
2128,15.25,2.0
394,30.25,2.0
3344,25.25,2.0
4470,28.75,2.0
2156,12.75,2.0
1942,12.0,2.0
592,29.5,2.0
4394,20.75,2.0
4396,11.0,2.0
738,30.0,2.0
1265,18.5,2.0
1394,16.0,2.0
407,14.75,2.0
2102,38.75,2.0
3331,42.25,2.0
2105,47.5,2.0
3175,30.25,2.0
4049,17.0,2.0
3374,23.25,2.0
1400,17.75,2.0
1256,18.5,2.0
3243,29.25,2.0
2957,16.25,2.0
1185,22.75,2.0
435,38.0,2.0
4060,32.5,2.0
3364,19.75,2.0
2973,26.0,2.0
1252,26.75,2.0
1192,19.0,2.0
3085,45.75,2.0
3360,32.5,2.0
4070,33.0,2.0
189,23.0,2.0
2065,30.75,2.0
4477,42.5,2.0
2784,50.25,2.0
450,21.5,2.0
958,24.0,2.0
4847,28.25,2.0
48,36.25,2.0
1788,24.25,2.0
2591,38.75,2.0
2010,17.5,2.0
673,43.5,2.0
1805,24.75,2.0
1770,13.0,2.0
3207,28.5,2.0
1658,36.25,2.0
1659,22.75,2.0
3752,19.5,2.0
2579,21.75,2.0
929,41.25,2.0
2577,30.25,2.0
3755,27.0,2.0
696,14.5,2.0
3231,19.75,2.0
2603,20.25,2.0
2004,37.75,2.0
990,29.25,2.0
4815,22.5,2.0
4819,28.25,2.0
4820,23.5,2.0
246,59.0,2.0
248,17.75,2.0
833,16.25,2.0
625,22.25,2.0
3827,30.0,2.0
3549,20.25,2.0
250,14.75,2.0
1623,22.0,2.0
666,31.25,2.0
3554,24.25,2.0
970,8.5,2.0
541,26.0,2.0
1327,19.25,2.0
920,17.5,2.0
2420,16.75,2.0
3705,12.5,2.0
2452,22.75,2.0
2501,24.75,2.0
2456,7.75,2.0
11,36.25,2.0
3694,16.25,2.0
1733,35.25,2.0
3708,40.25,2.0
2494,53.75,2.0
3686,15.75,2.0
3651,25.5,2.0
3227,15.0,2.0
689,31.5,2.0
2469,40.25,2.0
1721,27.5,2.0
2481,32.5,2.0
3641,37.0,2.0
2415,14.25,2.0
293,27.75,2.0
4950,21.75,2.0
2422,27.75,2.0
3604,15.25,2.0
3732,27.5,2.0
3610,22.0,2.0
2531,28.75,2.0
4268,22.75,2.0
2435,24.5,2.0
682,31.25,2.0
2522,56.5,2.0
693,27.75,2.0
22,47.5,2.0
902,23.25,2.0
900,26.25,2.0
1749,19.5,2.0
3617,36.25,2.0
2446,22.5,2.0
4269,20.5,2.0
2895,28.0,2.0
2635,36.75,2.0
1607,19.0,2.0
3459,21.75,2.0
1869,19.75,2.0
1868,40.25,2.0
2794,29.5,2.0
1544,17.75,2.0
3476,31.25,2.0
2772,9.75,2.0
2037,16.0,2.0
1355,27.25,2.0
4704,20.75,2.0
2764,26.0,2.0
3500,35.0,2.0
3503,17.5,2.0
1555,31.5,2.0
2311,41.75,2.0
4715,24.25,2.0
1070,27.0,2.0
3907,32.25,2.0
4658,35.75,2.0
4652,35.25,2.0
3412,29.75,2.0
3975,24.0,2.0
3426,18.5,2.0
1131,31.25,2.0
4608,20.75,2.0
4623,18.75,2.0
3960,13.5,2.0
3214,12.0,2.0
575,24.5,2.0
2255,46.25,2.0
2256,32.75,2.0
2837,28.75,2.0
4636,17.0,2.0
3956,26.5,2.0
218,16.25,2.0
1520,42.75,2.0
1513,30.75,2.0
1609,26.25,2.0
4728,20.5,2.0
3897,27.75,2.0
1588,22.25,2.0
2685,24.25,2.0
2683,30.75,2.0
550,24.25,2.0
3525,30.25,2.0
1011,31.25,2.0
1596,25.25,2.0
64,41.75,2.0
3530,30.75,2.0
2650,32.75,2.0
4800,23.75,2.0
3847,11.0,2.0
3534,31.0,2.0
764,26.25,2.0
662,30.25,2.0
4803,15.25,2.0
708,26.75,2.0
1021,17.75,2.0
2343,21.5,2.0
2341,23.25,2.0
4732,47.25,2.0
4737,38.5,2.0
3895,17.75,2.0
3196,25.75,2.0
3893,43.0,2.0
3890,34.25,2.0
4743,16.0,2.0
2322,13.0,2.0
3889,24.25,2.0
2726,24.75,2.0
3884,38.25,2.0
1840,26.0,2.0
4293,38.75,2.0
3863,19.75,2.0
4763,15.0,2.0
2702,34.75,2.0
481,21.75,2.0
1298,15.0,2.0
2012,35.25,3.0
2075,75.0,3.0
1973,38.25,3.0
3506,41.75,3.0
3873,47.75,3.0
658,44.25,3.0
1585,26.75,3.0
710,52.5,3.0
3541,37.25,3.0
3843,35.5,3.0
3915,47.25,3.0
1820,35.0,3.0
3809,25.0,3.0
301,36.0,3.0
1657,28.0,3.0
1681,22.5,3.0
1754,43.5,3.0
3614,42.25,3.0
1713,27.5,3.0
3829,33.75,3.0
173,18.75,3.0
323,25.0,3.0
1881,34.5,3.0
3342,43.0,3.0
3346,28.25,3.0
4104,32.25,3.0
1427,37.25,3.0
4094,34.0,3.0
1946,35.5,3.0
3356,26.5,3.0
3938,32.0,3.0
3371,36.0,3.0
195,47.5,3.0
3398,48.0,3.0
643,32.25,3.0
213,48.5,3.0
3967,43.75,3.0
1510,25.75,3.0
1512,26.75,3.0
4056,31.0,3.0
331,16.75,3.0
1719,20.0,3.0
792,38.25,3.0
4493,24.5,3.0
4857,42.0,3.0
1087,25.75,3.0
1215,35.25,3.0
1019,49.0,3.0
2334,22.0,3.0
952,37.75,3.0
81,40.75,3.0
2124,22.75,3.0
2993,15.75,3.0
2790,35.5,3.0
515,35.25,3.0
814,44.25,3.0
2399,32.25,3.0
4870,34.5,3.0
2103,41.5,3.0
2448,43.25,3.0
7,40.25,3.0
36,35.0,3.0
35,21.75,3.0
2294,52.5,3.0
2580,48.75,3.0
4846,24.75,3.0
526,32.25,3.0
2874,31.25,3.0
2238,27.5,3.0
2857,34.5,3.0
4822,34.25,3.0
443,30.75,3.0
2242,23.75,3.0
832,32.75,3.0
4827,22.25,3.0
975,35.25,3.0
2985,43.25,3.0
4633,38.25,3.0
2191,60.25,3.0
2595,40.0,3.0
4792,22.25,3.0
109,44.75,3.0
2465,30.0,3.0
482,31.5,3.0
959,39.5,3.0
4663,40.25,3.0
116,36.75,3.0
796,24.0,3.0
841,42.25,3.0
4457,58.0,3.0
548,33.5,3.0
1331,40.5,3.0
4289,23.75,3.0
3174,28.0,3.0
4292,38.75,3.0
528,38.25,3.0
3,45.5,3.0
2766,27.0,3.0
1063,21.75,3.0
4753,18.0,3.0
4333,43.0,3.0
2066,29.25,3.0
4322,34.25,3.0
4928,37.0,3.0
4301,35.0,3.0
3163,38.5,3.0
4952,31.75,3.0
3208,20.5,3.0
1045,37.25,3.0
2076,38.25,3.0
473,13.0,3.0
889,29.5,3.0
21,32.25,3.0
4363,44.5,3.0
928,39.0,3.0
1610,41.5,4.0
1126,34.5,4.0
2636,47.25,4.0
4584,38.75,4.0
2887,35.0,4.0
4843,36.75,4.0
62,40.75,4.0
2660,51.25,4.0
1132,47.25,4.0
2429,44.25,4.0
382,68.5,4.0
4046,26.0,4.0
2953,59.25,4.0
2732,32.0,4.0
963,45.75,4.0
220,42.0,4.0
197,38.25,4.0
4598,23.25,4.0
2826,48.5,4.0
4940,65.0,4.0
1569,49.75,4.0
1116,23.0,4.0
2919,49.0,4.0
9,47.25,4.0
583,38.0,4.0
3407,45.25,4.0
982,40.0,4.0
1119,40.25,4.0
3302,41.75,4.0
3480,44.0,4.0
4908,37.25,4.0
1242,55.0,4.0
3064,60.5,4.0
4141,41.0,4.0
3526,38.0,4.0
3061,34.75,4.0
1864,37.75,4.0
2116,23.75,4.0
139,54.5,4.0
1865,40.75,4.0
3602,26.25,4.0
1295,32.0,4.0
947,38.5,4.0
3582,23.5,4.0
4136,31.5,4.0
1782,40.5,4.0
3903,45.5,4.0
1639,29.75,4.0
2776,40.75,4.0
3317,31.25,4.0
4461,56.25,4.0
1643,29.25,4.0
4137,55.0,4.0
4157,50.0,4.0
3336,52.75,4.0
3521,56.75,4.0
42,33.5,4.0
2512,42.0,5.0
2574,64.25,5.0
3071,56.0,5.0
3986,51.25,5.0
1271,46.75,5.0
4896,51.25,5.0
2847,58.0,5.0
2087,55.25,5.0
3086,38.25,5.0
4303,68.0,5.0
3879,42.5,5.0
86,34.25,5.0
4523,60.0,5.0
3697,32.0,5.0
2505,38.25,5.0
2955,50.5,5.0
385,27.25,5.0
3465,49.5,5.0
1446,62.0,5.0
2760,42.0,5.0
2489,44.75,5.0
183,51.25,5.0
4458,42.25,5.0
4648,43.5,5.0
2651,50.5,5.0
212,43.5,5.0
1889,32.5,5.0
1886,46.0,5.0
2976,59.25,5.0
60,46.0,6.0
1036,51.5,6.0
4742,53.0,6.0
3436,84.75,6.0
4601,55.0,6.0
2903,36.5,6.0
1905,42.0,6.0
3390,45.75,6.0
2629,71.25,6.0
3635,40.25,6.0
2133,69.75,6.0
642,46.75,6.0
344,45.0,6.0
2517,72.0,6.0
3063,101.5,6.0
4296,46.5,6.0
740,53.5,6.0
3798,63.5,6.0
1039,78.25,7.0
3472,61.0,7.0
4776,72.5,7.0
1245,52.5,7.0
4972,91.0,7.0
3354,77.75,7.0
2604,55.5,7.0
3820,68.5,7.0
558,41.25,7.0
540,77.75,7.0
3867,69.0,7.0
2662,52.75,8.0
4362,93.0,8.0
3102,81.5,8.0
2543,93.0,8.0
1218,57.25,8.0
4284,32.75,8.0
1842,111.75,8.0
2863,68.0,8.0
4017,103.25,8.0
4655,60.0,8.0
3353,66.0,9.0
2444,79.0,9.0
4016,44.75,9.0
3379,83.5,10.0
2332,71.0,10.0
4805,70.0,11.0
1826,68.75,11.0
3627,87.0,11.0
4503,71.75,12.0
145,90.0,12.0
1725,64.5,13.0
1339,74.25,13.0
3365,66.75,16.0
4638,219.75,716.0
4148,284.25,728.0
2443,290.5,734.0
4202,292.5,735.0
628,274.5,738.0
3812,322.0,738.0
3111,262.25,743.0
1031,255.5,743.0
4722,276.5,744.0
479,263.75,744.0
1191,376.0,745.0
275,203.75,746.0
2002,283.5,747.0
949,258.25,747.0
3213,309.0,748.0
1950,332.0,748.0
4699,274.75,748.0
2980,265.25,749.0
3774,269.75,749.0
2975,283.0,749.0
2554,336.25,750.0
2015,265.25,750.0
2194,267.5,750.0
4252,216.5,751.0
2718,315.5,751.0
644,396.25,752.0
3849,270.25,752.0
2249,272.25,752.0
2496,363.75,753.0
1700,312.5,753.0
4565,263.75,753.0
2825,289.5,754.0
1425,248.25,754.0
3728,233.75,754.0
4162,275.75,754.0
4195,226.75,755.0
1740,307.25,755.0
3133,261.0,755.0
2573,315.5,756.0
1563,253.0,756.0
1850,303.75,756.0
4166,333.75,756.0
4063,271.5,756.0
4528,348.75,756.0
4225,247.25,757.0
1160,290.0,757.0
4920,228.75,757.0
2632,303.5,758.0
3971,319.75,758.0
547,282.5,758.0
3323,243.25,758.0
237,265.0,758.0
971,240.5,759.0
2104,254.5,759.0
3434,313.75,759.0
1912,334.5,759.0
4740,261.75,759.0
4473,248.5,760.0
4910,371.75,760.0
3279,311.25,761.0
2802,252.0,761.0
2306,345.0,761.0
1848,237.75,761.0
1042,258.75,761.0
4982,273.0,761.0
2215,321.25,761.0
1235,259.25,761.0
2024,303.0,762.0
4230,252.0,762.0
1369,185.25,762.0
853,309.25,762.0
4775,261.5,762.0
4569,240.75,762.0
103,322.25,762.0
4186,313.5,762.0
1711,307.5,763.0
2014,235.5,763.0
2454,286.5,763.0
2589,237.0,763.0
2148,294.5,763.0
980,243.75,763.0
2068,244.5,763.0
4386,317.0,763.0
1629,245.25,763.0
499,239.25,764.0
3821,271.25,764.0
3561,277.25,764.0
860,290.0,764.0
1846,234.5,764.0
1642,300.75,764.0
4353,313.75,764.0
4681,289.0,764.0
3306,331.75,765.0
3751,306.5,765.0
1959,285.0,765.0
3557,290.25,765.0
3720,260.0,765.0
1001,262.0,765.0
984,266.75,765.0
641,372.75,765.0
3562,346.5,765.0
1594,264.75,765.0
1574,273.0,765.0
1847,316.25,766.0
858,313.25,766.0
3935,300.0,766.0
67,264.25,766.0
4114,256.0,766.0
3308,244.0,766.0
494,336.75,766.0
2092,257.5,766.0
4086,263.25,766.0
730,250.25,766.0
4100,280.75,766.0
1524,290.0,767.0
4754,344.5,767.0
4613,326.75,767.0
787,263.0,767.0
3828,288.0,767.0
4572,297.25,767.0
4147,230.75,767.0
2401,325.25,767.0
1932,298.5,767.0
1798,271.0,767.0
3754,307.75,767.0
2801,283.0,768.0
1207,251.0,768.0
4787,279.0,768.0
916,214.75,768.0
3131,298.0,768.0
721,269.5,768.0
496,264.0,768.0
1615,280.25,768.0
4526,315.25,768.0
177,302.25,768.0
1875,259.25,768.0
2892,264.25,768.0
3670,319.0,769.0
3454,328.75,769.0
2823,252.5,769.0
2808,296.75,769.0
3096,283.5,769.0
401,228.25,769.0
4548,233.0,769.0
1790,218.75,769.0
4239,214.75,769.0
1764,315.0,769.0
1333,339.0,769.0
2556,404.0,769.0
3771,244.25,769.0
3204,260.5,770.0
4245,263.0,770.0
409,356.0,770.0
349,288.5,770.0
4536,284.5,770.0
1158,343.5,770.0
861,346.25,770.0
3464,261.5,770.0
1558,319.25,770.0
3876,283.25,770.0
3603,290.75,770.0
442,305.75,770.0
3437,249.75,771.0
3612,280.75,771.0
2798,299.25,771.0
2769,245.25,771.0
3547,237.5,771.0
2584,258.5,771.0
3609,271.75,771.0
262,234.5,771.0
852,291.25,771.0
265,280.25,771.0
1061,234.0,771.0
1096,312.5,771.0
1477,260.5,771.0
1243,286.75,771.0
3839,303.25,771.0
3693,235.25,771.0
1261,222.0,772.0
231,244.25,772.0
3183,209.5,772.0
1851,208.25,772.0
2873,275.25,772.0
3532,371.25,772.0
4192,260.25,772.0
1332,237.5,772.0
2034,297.75,772.0
1182,260.0,772.0
3919,286.75,772.0
1308,270.0,772.0
1962,332.5,772.0
827,267.75,772.0
3583,283.5,772.0
2117,232.75,772.0
3659,292.25,772.0
4665,292.0,772.0
2364,304.75,772.0
3203,334.5,772.0
1591,271.5,773.0
2057,281.75,773.0
1032,250.0,773.0
3143,309.75,773.0
4302,230.0,773.0
703,225.75,773.0
1760,366.25,773.0
909,323.25,773.0
4568,299.25,773.0
4291,235.75,773.0
1148,252.0,773.0
1337,262.25,773.0
4813,246.25,773.0
4098,268.75,773.0
1122,334.5,773.0
3947,286.75,773.0
2566,292.75,773.0
2585,235.0,773.0
2356,277.0,774.0
2789,227.0,774.0
742,396.25,774.0
4408,337.75,774.0
3001,311.75,774.0
3793,246.5,774.0
3078,263.25,774.0
4507,304.5,774.0
4751,292.25,774.0
4513,281.5,774.0
4171,303.25,774.0
150,223.0,774.0
4125,285.25,774.0
3815,272.5,774.0
3985,354.25,775.0
341,239.75,775.0
223,252.75,775.0
4806,271.75,775.0
3115,249.25,775.0
305,238.5,775.0
1809,255.25,775.0
4919,255.0,775.0
3921,252.25,775.0
53,285.25,775.0
1274,239.5,775.0
718,294.0,775.0
1270,321.75,775.0
3683,228.75,775.0
291,343.0,775.0
447,217.25,775.0
4585,238.75,775.0
1022,235.0,775.0
4730,348.75,775.0
285,266.25,775.0
1108,244.75,775.0
2844,295.25,775.0
3053,244.5,775.0
298,238.25,775.0
2948,247.25,775.0
4506,272.5,775.0
4989,289.5,776.0
4500,289.0,776.0
2164,259.25,776.0
3421,307.5,776.0
3504,235.5,776.0
1321,360.25,776.0
3854,231.75,776.0
3908,227.5,776.0
1065,267.25,776.0
4713,317.5,776.0
264,265.0,776.0
4214,259.0,776.0
4276,272.25,776.0
3151,272.75,776.0
811,250.5,776.0
2843,248.25,776.0
1428,290.75,776.0
2783,259.0,776.0
891,280.5,776.0
2095,216.25,776.0
2408,280.25,776.0
4664,313.5,776.0
3032,309.5,776.0
1543,250.0,776.0
200,244.25,776.0
513,274.25,776.0
1803,247.75,776.0
2613,275.0,777.0
3438,242.5,777.0
3457,321.5,777.0
1935,374.25,777.0
2246,289.5,777.0
4167,247.25,777.0
1072,281.5,777.0
3321,232.5,777.0
4880,281.75,777.0
2268,221.25,777.0
1408,250.25,777.0
2536,254.0,777.0
1258,238.75,777.0
4774,238.0,777.0
3154,237.75,777.0
2987,221.25,777.0
4309,323.5,777.0
4445,226.5,777.0
705,244.0,777.0
2185,302.0,777.0
2214,260.5,777.0
1795,278.75,777.0
678,306.25,777.0
4945,282.75,778.0
1233,248.25,778.0
4035,226.75,778.0
471,227.0,778.0
3996,297.5,778.0
4043,311.0,778.0
3378,290.0,778.0
1457,275.5,778.0
2077,253.75,778.0
97,255.5,778.0
1898,299.0,778.0
3139,228.75,778.0
1603,275.25,778.0
663,235.75,778.0
4485,244.25,778.0
3252,238.0,778.0
999,267.25,778.0
393,350.5,778.0
2646,248.75,778.0
882,240.75,778.0
2861,200.75,778.0
3307,249.5,778.0
1496,354.25,779.0
2228,248.25,779.0
812,258.25,779.0
1913,334.75,779.0
3025,299.5,779.0
1117,270.5,779.0
4469,313.5,779.0
1228,294.25,779.0
4380,244.75,779.0
4370,303.5,779.0
4059,255.5,779.0
570,322.25,779.0
404,425.0,779.0
129,255.75,779.0
564,347.25,779.0
2432,273.25,779.0
1693,284.75,779.0
4968,287.5,779.0
2451,301.25,779.0
3501,314.25,779.0
3527,286.0,779.0
3519,292.5,779.0
3441,327.0,779.0
4923,294.75,779.0
1849,308.75,779.0
871,330.0,779.0
668,284.75,779.0
317,273.5,779.0
1580,295.5,779.0
312,220.5,779.0
3370,285.75,780.0
1597,273.5,780.0
151,287.25,780.0
3726,287.25,780.0
3587,234.5,780.0
3929,273.25,780.0
1964,244.25,780.0
1646,258.25,780.0
1604,258.75,780.0
3171,321.5,780.0
4355,333.5,780.0
2424,320.5,780.0
4338,317.5,780.0
2070,261.75,780.0
2167,330.0,780.0
3723,284.25,780.0
2367,253.25,780.0
1924,298.75,780.0
1080,253.25,780.0
4992,244.5,780.0
2839,309.25,780.0
686,361.25,780.0
3994,272.0,780.0
4808,247.75,780.0
4626,220.0,780.0
4004,226.5,780.0
1133,239.75,780.0
73,251.0,780.0
339,244.5,780.0
2565,247.75,780.0
2851,260.5,781.0
3179,308.0,781.0
2379,218.5,781.0
4172,283.5,781.0
2699,313.25,781.0
2915,307.0,781.0
4487,241.5,781.0
3801,297.0,781.0
3597,302.5,781.0
400,307.75,781.0
1987,238.25,781.0
2742,285.75,781.0
3382,324.5,781.0
1662,229.0,781.0
1390,302.5,781.0
1595,223.5,781.0
2060,244.25,781.0
3865,267.5,781.0
1870,225.75,781.0
157,202.75,781.0
2672,282.0,781.0
930,240.0,781.0
2286,252.25,781.0
1940,244.75,781.0
1678,275.25,781.0
500,244.75,782.0
3205,302.75,782.0
3137,256.5,782.0
2795,317.5,782.0
3429,282.75,782.0
3970,245.75,782.0
4041,247.25,782.0
3958,227.25,782.0
4206,272.0,782.0
899,263.25,782.0
2320,275.25,782.0
476,367.75,782.0
4967,282.0,782.0
586,228.0,782.0
3466,344.75,782.0
651,227.5,782.0
2728,328.75,782.0
877,302.25,782.0
939,287.75,782.0
2236,244.5,782.0
700,236.0,782.0
2373,264.0,782.0
3579,283.0,782.0
1863,331.25,782.0
4156,273.75,782.0
329,273.5,782.0
1157,355.5,782.0
702,279.5,782.0
4957,232.0,782.0
823,250.75,782.0
2561,260.25,782.0
780,233.5,782.0
4428,282.5,782.0
750,246.75,782.0
4308,242.0,783.0
726,271.0,783.0
4498,330.25,783.0
1016,228.5,783.0
3673,305.0,783.0
1,258.75,783.0
4703,300.25,783.0
1694,236.0,783.0
2466,210.25,783.0
3718,324.5,783.0
2894,266.0,783.0
876,305.75,783.0
664,220.5,783.0
107,361.75,783.0
4511,280.0,783.0
1769,265.25,783.0
1200,254.5,783.0
2686,341.25,783.0
4414,214.0,783.0
1791,228.25,783.0
3577,250.5,783.0
4407,273.0,783.0
2958,331.75,783.0
23,249.0,783.0
135,261.5,783.0
966,254.5,783.0
4254,318.0,783.0
2559,273.5,783.0
4264,366.0,783.0
2011,240.75,783.0
1526,331.5,783.0
1523,262.75,783.0
972,267.0,783.0
3456,268.25,783.0
3425,296.25,783.0
4635,194.25,784.0
743,266.0,784.0
497,310.75,784.0
4411,213.0,784.0
3384,271.75,784.0
3700,243.25,784.0
3950,237.75,784.0
4705,254.75,784.0
1680,250.5,784.0
4084,228.5,784.0
4600,225.0,784.0
825,374.25,784.0
1562,320.75,784.0
4305,234.75,784.0
4111,317.75,784.0
414,254.0,784.0
3060,285.25,784.0
2030,253.25,784.0
2994,311.75,784.0
1567,235.5,784.0
4463,324.5,784.0
1715,263.25,784.0
3912,321.25,784.0
1276,277.75,784.0
2386,258.0,785.0
2230,282.0,785.0
1554,255.0,785.0
2946,339.75,785.0
3089,241.25,785.0
4413,261.25,785.0
1436,257.5,785.0
1038,250.0,785.0
224,288.25,785.0
117,239.75,785.0
1781,300.0,785.0
1273,254.25,785.0
54,284.25,785.0
3224,227.0,785.0
1812,287.75,785.0
3961,272.5,785.0
77,268.25,785.0
4247,245.75,785.0
3238,263.0,785.0
1608,293.75,785.0
203,244.75,785.0
3164,310.75,785.0
831,279.75,785.0
4620,260.0,785.0
3695,313.5,786.0
96,238.75,786.0
1173,220.0,786.0
3079,271.25,786.0
462,280.25,786.0
3498,220.25,786.0
1186,278.0,786.0
981,312.25,786.0
437,277.25,786.0
1137,267.25,786.0
1970,241.25,786.0
3473,280.5,786.0
1772,246.5,786.0
620,231.75,786.0
2695,285.5,786.0
4159,277.0,786.0
3010,290.25,786.0
566,258.75,786.0
3039,296.25,786.0
2266,254.0,786.0
3288,317.5,786.0
1299,249.0,786.0
2080,250.25,786.0
2767,237.25,786.0
4729,239.5,786.0
2564,222.25,786.0
1689,216.0,786.0
2940,270.0,786.0
4627,248.25,786.0
3951,261.5,786.0
1109,261.5,786.0
2442,299.25,786.0
4603,307.25,786.0
770,266.25,786.0
4160,289.0,787.0
2421,272.25,787.0
279,322.0,787.0
3391,238.25,787.0
4499,267.5,787.0
1030,279.5,787.0
4006,262.0,787.0
2753,266.75,787.0
2182,312.25,787.0
3648,222.25,787.0
2834,279.5,787.0
3417,264.25,787.0
3642,264.0,787.0
918,297.75,787.0
1156,277.75,787.0
3976,244.0,787.0
3625,284.25,787.0
1533,358.25,787.0
840,339.5,787.0
518,273.75,787.0
3439,266.0,787.0
4983,281.0,787.0
1194,287.25,787.0
4237,252.75,787.0
1024,257.0,787.0
492,302.0,787.0
4841,351.25,787.0
630,259.25,787.0
4956,272.75,787.0
886,240.5,787.0
4221,298.5,787.0
3825,240.25,787.0
495,312.75,787.0
3050,361.0,787.0
142,263.0,787.0
4392,253.25,787.0
4315,310.0,787.0
3180,262.0,787.0
985,227.0,787.0
2362,254.25,788.0
4011,249.75,788.0
2028,272.5,788.0
3943,243.0,788.0
2218,277.75,788.0
2212,306.75,788.0
3117,244.75,788.0
1058,244.75,788.0
4708,218.75,788.0
1531,251.0,788.0
3799,211.0,788.0
1722,280.0,788.0
1051,296.75,788.0
1169,288.5,788.0
3422,236.0,788.0
4008,296.5,788.0
4771,273.75,788.0
4639,336.0,788.0
1565,264.25,788.0
2871,256.25,788.0
1099,263.75,788.0
4610,341.0,788.0
3524,265.75,788.0
192,284.25,788.0
3141,251.5,788.0
4621,255.25,788.0
4241,223.0,788.0
308,295.0,788.0
1493,255.25,788.0
2430,334.75,788.0
1352,274.5,788.0
148,249.0,788.0
3322,252.75,788.0
26,211.25,788.0
3002,281.5,788.0
4134,294.5,788.0
2132,326.75,788.0
2607,215.5,788.0
3328,274.0,788.0
2187,277.25,788.0
4456,192.75,788.0
3590,311.0,788.0
2960,278.5,788.0
1777,278.5,788.0
3933,307.5,788.0
3781,211.75,789.0
427,260.0,789.0
1743,235.5,789.0
1135,269.5,789.0
4451,269.75,789.0
850,337.5,789.0
941,279.75,789.0
460,365.0,789.0
2431,273.0,789.0
162,265.25,789.0
4497,241.5,789.0
1034,244.75,789.0
3236,267.75,789.0
2781,245.25,789.0
3008,278.75,789.0
2715,283.0,789.0
3038,254.25,789.0
3515,244.0,789.0
4799,263.75,789.0
4426,236.25,789.0
795,251.75,789.0
1017,279.75,789.0
610,287.25,789.0
4581,292.75,789.0
4048,288.25,789.0
134,228.5,789.0
2752,269.75,789.0
4934,263.75,789.0
4537,235.75,789.0
1381,251.25,789.0
3615,240.75,789.0
4424,248.25,789.0
2168,258.0,790.0
4589,301.5,790.0
4188,289.75,790.0
398,224.0,790.0
1389,259.0,790.0
1341,215.25,790.0
2305,291.5,790.0
3127,255.5,790.0
1454,256.5,790.0
1800,256.0,790.0
3940,218.5,790.0
2460,266.5,790.0
1707,281.5,790.0
1982,274.75,790.0
383,257.25,790.0
912,281.25,790.0
2885,341.75,790.0
2073,273.25,790.0
3818,219.0,790.0
1606,338.0,790.0
3870,205.0,790.0
992,237.0,790.0
1184,227.25,790.0
2492,268.0,790.0
1431,300.25,790.0
2354,248.5,790.0
2979,270.25,790.0
2297,229.0,790.0
4933,292.25,790.0
2479,269.75,790.0
4437,275.75,790.0
3284,270.5,790.0
706,220.75,790.0
1054,259.0,790.0
25,308.0,790.0
926,261.25,791.0
4761,287.5,791.0
2419,270.5,791.0
2593,236.0,791.0
4702,257.5,791.0
493,286.75,791.0
4811,310.5,791.0
845,300.5,791.0
1085,276.25,791.0
2689,301.0,791.0
2527,259.25,791.0
2666,266.5,791.0
4958,312.75,791.0
2696,212.75,791.0
2500,286.25,791.0
2477,264.75,791.0
1300,237.25,791.0
3220,251.0,791.0
2875,262.0,791.0
3924,290.0,791.0
2053,237.75,791.0
4000,279.75,791.0
741,289.75,791.0
1792,285.5,791.0
2907,262.0,791.0
2052,306.75,791.0
4317,327.75,791.0
4103,394.25,791.0
172,256.25,791.0
3264,272.0,791.0
1373,232.75,791.0
4595,253.25,791.0
458,263.75,791.0
2009,283.0,791.0
4344,273.5,791.0
1706,341.0,791.0
3699,293.0,791.0
292,302.5,791.0
1097,283.25,791.0
2094,241.75,791.0
2263,244.5,791.0
3599,263.5,791.0
3713,291.0,791.0
571,264.5,791.0
1771,265.25,791.0
3588,305.25,791.0
2250,273.25,791.0
1767,263.75,791.0
1292,277.75,792.0
395,284.75,792.0
1309,346.75,792.0
1319,253.0,792.0
2640,193.5,792.0
1286,228.75,792.0
3200,257.5,792.0
4766,303.0,792.0
3229,341.0,792.0
4073,275.0,792.0
4219,298.0,792.0
1729,344.0,792.0
2461,305.25,792.0
3760,267.25,792.0
4947,356.5,792.0
3791,232.25,792.0
3556,278.75,792.0
991,292.5,792.0
913,227.75,792.0
4425,295.0,792.0
1944,296.0,792.0
1397,391.75,792.0
2602,301.25,792.0
3310,230.25,792.0
2610,230.75,792.0
1542,342.0,792.0
2115,266.75,792.0
3664,333.25,792.0
70,258.25,792.0
2832,286.5,792.0
451,238.25,792.0
2203,280.25,792.0
4645,260.25,792.0
2928,279.75,792.0
2725,239.5,792.0
430,240.75,792.0
4459,324.5,792.0
2707,254.25,792.0
560,267.75,793.0
4929,234.0,793.0
3324,221.25,793.0
4161,270.25,793.0
2771,315.5,793.0
961,294.0,793.0
1823,275.0,793.0
3787,254.75,793.0
4680,218.0,793.0
311,229.0,793.0
4869,327.25,793.0
1581,289.0,793.0
3900,251.75,793.0
1429,237.5,793.0
2205,289.25,793.0
4590,223.5,793.0
325,264.0,793.0
3380,261.75,793.0
4039,241.75,793.0
4036,333.25,793.0
1922,221.25,793.0
732,229.25,793.0
3844,222.75,793.0
255,256.0,793.0
1756,278.0,793.0
1217,260.0,793.0
3145,269.75,793.0
2016,257.25,793.0
1675,270.25,793.0
2497,248.0,793.0
3618,267.25,793.0
4802,231.5,793.0
4962,222.5,793.0
1010,229.75,793.0
4468,265.25,793.0
470,270.75,793.0
3199,249.75,793.0
2816,329.0,793.0
1323,253.75,793.0
1251,286.75,793.0
4286,305.75,793.0
3042,235.25,793.0
434,210.25,793.0
4475,281.5,793.0
2822,284.25,794.0
334,226.5,794.0
2888,287.0,794.0
3719,239.75,794.0
4685,275.5,794.0
1530,278.0,794.0
4698,267.0,794.0
3725,234.5,794.0
1753,323.0,794.0
2530,301.0,794.0
3600,203.25,794.0
530,276.0,794.0
529,228.75,794.0
3569,303.75,794.0
4628,374.0,794.0
848,262.25,794.0
2248,311.0,794.0
2262,293.0,794.0
3757,309.5,794.0
3882,314.0,794.0
1490,233.25,794.0
603,237.0,794.0
2912,257.0,794.0
2323,275.5,794.0
565,311.0,794.0
1213,270.75,794.0
1350,258.0,794.0
2717,262.5,794.0
1136,322.75,794.0
1372,321.5,794.0
439,233.25,794.0
2611,315.25,794.0
3009,220.75,794.0
2193,287.75,794.0
4566,236.75,794.0
4571,304.0,794.0
49,254.5,794.0
1336,265.25,794.0
923,248.0,794.0
1142,286.25,794.0
2395,277.25,794.0
4860,261.75,794.0
2590,272.75,794.0
4120,257.25,794.0
4881,260.5,794.0
3345,310.25,794.0
3021,339.0,795.0
4310,338.5,795.0
65,301.75,795.0
3090,306.75,795.0
2645,326.5,795.0
2819,217.75,795.0
422,268.75,795.0
4345,249.5,795.0
2647,230.0,795.0
3157,288.25,795.0
2721,263.75,795.0
4336,257.0,795.0
3696,305.25,795.0
4786,269.25,795.0
509,238.75,795.0
4701,259.5,795.0
2891,262.75,795.0
4446,309.5,795.0
4892,277.75,795.0
3505,284.75,795.0
3337,298.75,795.0
306,240.25,795.0
452,270.75,795.0
3804,301.5,795.0
3802,312.75,795.0
174,259.75,795.0
3566,261.25,795.0
3575,301.75,795.0
3240,268.75,795.0
3581,317.75,795.0
4634,232.25,795.0
3756,283.5,795.0
2947,293.0,795.0
2499,289.5,795.0
1663,287.25,795.0
1000,292.5,795.0
1078,244.25,795.0
2394,277.25,795.0
1535,271.5,795.0
572,264.75,795.0
846,312.75,795.0
2441,209.5,795.0
2402,277.0,795.0
2161,311.25,795.0
967,287.25,795.0
1492,299.25,795.0
2349,240.0,795.0
1346,257.5,795.0
1290,306.25,795.0
1314,265.75,795.0
2160,250.5,796.0
4769,224.75,796.0
537,216.75,796.0
3490,317.0,796.0
4717,359.0,796.0
2552,313.0,796.0
1222,241.25,796.0
4736,238.5,796.0
4212,257.5,796.0
2961,323.0,796.0
3595,288.0,796.0
309,326.5,796.0
4217,266.5,796.0
2950,266.75,796.0
2626,224.75,796.0
2224,207.5,796.0
556,285.75,796.0
2719,300.0,796.0
4885,361.0,796.0
3902,183.5,796.0
4266,224.25,796.0
230,256.75,796.0
2279,231.25,796.0
2221,233.5,796.0
3759,299.5,796.0
1679,240.25,796.0
1690,263.25,796.0
1348,296.25,796.0
2254,260.75,796.0
829,227.25,796.0
1354,322.25,796.0
3658,256.0,796.0
927,258.0,796.0
4688,245.75,796.0
3874,259.0,796.0
3168,253.25,796.0
2085,434.25,796.0
1412,262.0,796.0
2513,326.5,796.0
99,231.25,796.0
399,291.75,796.0
1139,306.5,796.0
1089,260.5,796.0
381,263.0,796.0
3116,274.75,796.0
3299,233.75,796.0
1723,275.25,797.0
4559,280.75,797.0
429,256.75,797.0
4747,234.5,797.0
1633,252.5,797.0
1278,244.75,797.0
2966,274.75,797.0
3565,263.25,797.0
2366,250.75,797.0
4374,309.5,797.0
3785,289.0,797.0
4444,232.75,797.0
1027,337.25,797.0
2711,246.25,797.0
4994,328.0,797.0
996,230.5,797.0
87,277.0,797.0
2800,227.5,797.0
4790,235.5,797.0
4926,245.75,797.0
1741,273.0,797.0
777,270.25,797.0
2387,222.25,797.0
3144,270.5,797.0
205,308.0,797.0
180,340.0,797.0
1013,232.25,797.0
2876,229.25,797.0
2079,305.25,797.0
1398,328.5,797.0
1296,364.0,797.0
106,264.5,797.0
2289,240.75,797.0
3737,233.0,797.0
4706,232.0,797.0
3848,315.0,797.0
415,250.0,797.0
2318,265.5,797.0
46,285.25,797.0
4858,284.75,797.0
793,302.5,797.0
1188,276.25,797.0
1340,296.0,797.0
2534,242.25,797.0
2716,211.0,797.0
4976,346.0,797.0
2697,282.0,798.0
2759,259.75,798.0
859,345.25,798.0
3055,276.5,798.0
878,192.0,798.0
406,267.75,798.0
4467,283.25,798.0
4290,300.5,798.0
4518,299.0,798.0
4986,224.75,798.0
270,263.25,798.0
1586,263.25,798.0
4246,251.75,798.0
1105,335.75,798.0
1180,261.5,798.0
2638,275.5,798.0
4383,260.0,798.0
3242,308.5,798.0
4235,215.25,798.0
3256,245.5,798.0
2135,309.75,798.0
1387,273.5,798.0
3816,357.75,798.0
4622,368.5,798.0
1990,258.0,798.0
68,216.5,798.0
2417,267.25,798.0
4472,213.75,798.0
783,259.75,798.0
1463,217.0,798.0
4727,243.25,798.0
1465,267.5,798.0
1375,310.5,798.0
1854,224.5,798.0
4179,281.5,798.0
4298,247.5,798.0
3540,342.25,798.0
2943,283.0,798.0
4440,248.75,798.0
3118,253.5,798.0
1297,262.75,799.0
4849,251.25,799.0
240,288.5,799.0
1545,312.25,799.0
152,257.75,799.0
4834,277.25,799.0
1980,271.75,799.0
4258,252.5,799.0
2490,331.0,799.0
3881,206.5,799.0
563,233.0,799.0
2797,303.75,799.0
4300,254.25,799.0
2284,253.5,799.0
4260,294.0,799.0
2292,322.75,799.0
2664,384.5,799.0
2313,305.75,799.0
1592,226.5,799.0
2434,261.75,799.0
19,269.25,799.0
4760,245.0,799.0
346,301.0,799.0
4449,250.0,799.0
691,253.75,799.0
4030,252.75,799.0
3003,212.0,799.0
810,274.5,799.0
1460,289.0,799.0
3016,228.75,799.0
1852,211.0,799.0
1214,247.25,799.0
2549,278.75,799.0
3471,279.5,799.0
2541,234.75,799.0
1885,295.5,799.0
1890,227.5,799.0
4684,288.75,799.0
4522,253.0,799.0
605,315.0,799.0
440,259.75,799.0
1015,285.0,799.0
3136,208.75,799.0
1267,314.5,799.0
2883,248.5,799.0
348,270.0,799.0
1495,191.25,799.0
352,252.75,799.0
4228,226.75,799.0
2870,338.5,799.0
3662,252.75,799.0
539,238.25,799.0
778,254.25,799.0
3957,292.75,799.0
4510,313.5,800.0
4388,298.75,800.0
3666,242.5,800.0
4496,379.0,800.0
3851,266.75,800.0
3348,237.0,800.0
2729,338.25,800.0
3339,258.5,800.0
4607,286.0,800.0
1975,236.0,800.0
3226,243.25,800.0
4346,270.25,800.0
946,205.25,800.0
1766,274.25,800.0
1936,246.25,800.0
585,363.5,800.0
3564,268.5,800.0
807,282.0,800.0
4739,250.0,800.0
3110,237.5,800.0
4535,266.5,800.0
597,251.0,800.0
1631,235.75,800.0
3198,259.5,800.0
3011,244.75,800.0
1014,283.25,800.0
1605,281.5,800.0
2147,248.75,800.0
457,213.5,800.0
4614,310.5,800.0
4210,257.75,800.0
2656,262.25,800.0
2520,233.0,800.0
553,226.0,800.0
843,233.5,800.0
2450,235.25,800.0
2678,279.25,800.0
232,315.5,800.0
1560,302.75,800.0
546,273.5,800.0
2575,273.25,800.0
2630,241.0,800.0
2582,228.5,800.0
543,313.0,800.0
1511,288.0,800.0
4233,311.25,800.0
855,299.0,800.0
520,268.0,800.0
1577,305.5,800.0
4931,278.25,800.0
4879,310.5,800.0
4731,283.75,801.0
1537,246.5,801.0
2184,231.0,801.0
3355,241.0,801.0
1172,269.5,801.0
3499,266.75,801.0
851,239.0,801.0
474,250.75,801.0
3247,260.25,801.0
2774,276.75,801.0
1450,251.0,801.0
322,333.0,801.0
1005,228.0,801.0
1739,303.25,801.0
2516,214.75,801.0
521,293.25,801.0
4361,254.0,801.0
2668,229.0,801.0
1075,314.0,801.0
875,228.75,801.0
3750,232.5,801.0
1179,298.5,801.0
1651,243.25,801.0
3393,229.0,801.0
3100,326.25,801.0
1897,231.0,801.0
1388,278.75,801.0
3734,255.0,801.0
3005,273.0,801.0
4406,259.5,801.0
559,246.75,801.0
803,265.5,801.0
40,280.75,801.0
2400,312.0,801.0
1796,323.25,801.0
1483,266.5,801.0
2213,291.25,801.0
3861,207.75,801.0
364,244.5,801.0
361,266.25,801.0
3687,225.25,801.0
3531,220.5,801.0
2369,269.0,801.0
616,253.25,801.0
455,341.25,801.0
2657,307.75,801.0
4818,256.25,801.0
1244,289.0,801.0
1161,238.5,801.0
3092,253.75,802.0
3523,245.5,802.0
4432,216.75,802.0
1439,230.25,802.0
4902,277.5,802.0
2619,275.75,802.0
1498,216.75,802.0
2956,273.0,802.0
1189,359.25,802.0
3494,238.75,802.0
2639,334.5,802.0
4700,253.75,802.0
2882,269.75,802.0
734,265.0,802.0
4249,276.75,802.0
2848,296.5,802.0
4019,230.0,802.0
3018,291.0,802.0
599,302.25,802.0
690,282.5,802.0
4433,306.75,802.0
4074,225.0,802.0
4733,274.5,802.0
4678,203.0,802.0
4783,241.25,802.0
3373,262.0,802.0
3369,256.25,802.0
4155,382.25,802.0
2022,261.75,802.0
2340,283.0,802.0
3140,254.0,802.0
4553,313.0,802.0
3909,291.0,802.0
3146,230.5,802.0
2736,232.5,802.0
47,286.25,802.0
2677,331.5,802.0
3278,347.5,802.0
1561,268.5,802.0
1966,261.5,802.0
3891,239.25,802.0
2291,280.0,802.0
2299,328.25,802.0
168,290.5,802.0
185,253.0,802.0
1921,275.75,802.0
4840,305.0,802.0
749,268.0,802.0
551,278.75,802.0
3257,301.5,802.0
379,280.0,802.0
4140,245.5,803.0
1804,268.75,803.0
453,379.5,803.0
2227,332.0,803.0
4012,276.75,803.0
2698,261.75,803.0
4021,306.25,803.0
1611,248.5,803.0
1403,339.0,803.0
132,229.5,803.0
2605,339.0,803.0
2974,294.0,803.0
1724,267.25,803.0
3212,222.75,803.0
847,244.0,803.0
2176,272.5,803.0
3262,255.75,803.0
4767,248.25,803.0
4632,297.5,803.0
2900,214.0,803.0
3251,284.5,803.0
2484,302.0,803.0
3657,231.75,803.0
3638,300.75,803.0
3573,293.0,803.0
587,291.25,803.0
1359,224.5,803.0
502,283.5,803.0
2963,359.25,803.0
1920,245.25,803.0
2507,240.25,803.0
2786,262.5,803.0
1933,297.25,803.0
1069,249.5,803.0
1294,283.75,803.0
4256,240.25,803.0
4712,289.0,803.0
1634,242.75,803.0
2257,282.25,803.0
1671,259.25,803.0
3512,279.0,803.0
194,237.0,803.0
842,277.25,803.0
1947,333.0,803.0
295,244.25,803.0
1653,236.25,803.0
3098,220.5,803.0
3099,250.5,803.0
2154,263.75,803.0
91,315.75,803.0
1832,320.25,803.0
1901,253.75,803.0
3081,311.25,804.0
336,222.5,804.0
1779,235.0,804.0
731,277.25,804.0
1785,242.0,804.0
4966,291.25,804.0
3250,223.0,804.0
1925,343.25,804.0
4079,270.5,804.0
2601,271.75,804.0
2473,271.5,804.0
3058,271.25,804.0
3309,248.5,804.0
2486,213.0,804.0
2157,249.25,804.0
3296,241.5,804.0
2467,264.25,804.0
3194,266.25,804.0
2576,238.75,804.0
4203,234.75,804.0
4126,339.5,804.0
4643,268.75,804.0
4096,336.0,804.0
1168,287.0,804.0
619,297.0,804.0
739,265.0,804.0
1112,318.75,804.0
4951,224.75,804.0
4936,249.25,804.0
1056,268.75,804.0
2984,310.75,804.0
371,267.5,804.0
4556,253.25,804.0
1824,221.75,804.0
487,266.75,804.0
3680,283.0,804.0
480,248.5,804.0
1649,304.75,804.0
1647,284.0,804.0
2239,249.25,804.0
2877,286.75,804.0
2805,265.75,804.0
59,214.0,804.0
485,266.0,804.0
1621,323.5,804.0
245,259.75,804.0
45,313.25,804.0
3788,234.25,804.0
2363,244.0,804.0
3624,224.0,804.0
2296,270.25,804.0
2821,290.75,804.0
1305,239.25,804.0
2763,266.5,804.0
486,319.25,804.0
2705,243.25,804.0
1855,267.75,805.0
4191,258.5,805.0
1057,390.25,805.0
3898,285.75,805.0
1829,264.0,805.0
4714,285.75,805.0
4533,266.75,805.0
4027,318.25,805.0
4625,301.25,805.0
1443,285.5,805.0
879,221.75,805.0
3918,250.5,805.0
2796,253.5,805.0
37,225.75,805.0
229,251.5,805.0
1902,280.25,805.0
1077,286.0,805.0
1896,241.5,805.0
4297,254.5,805.0
423,219.5,805.0
2539,229.0,805.0
2026,242.75,805.0
2142,252.25,805.0
1195,327.75,805.0
790,289.75,805.0
4990,264.0,805.0
3711,257.75,805.0
1220,254.5,805.0
2735,277.75,805.0
3739,266.25,805.0
4054,249.75,805.0
2039,244.75,805.0
3677,248.25,805.0
274,304.25,805.0
3892,315.0,805.0
2532,276.0,805.0
4042,262.25,805.0
3427,263.5,805.0
3265,265.75,805.0
4208,326.75,805.0
271,335.75,805.0
2165,255.75,805.0
4158,242.0,805.0
1761,282.0,805.0
1250,268.25,805.0
908,274.0,805.0
284,280.0,805.0
4656,331.25,805.0
4400,267.75,805.0
2301,261.25,805.0
2389,296.75,805.0
130,247.75,805.0
2899,291.25,805.0
2051,305.25,805.0
3135,299.25,805.0
4409,245.25,805.0
2904,253.0,805.0
2954,312.75,805.0
3808,349.25,805.0
588,298.5,805.0
1262,232.0,805.0
4916,309.5,805.0
4263,202.5,805.0
4609,281.75,805.0
2583,337.0,805.0
1225,294.25,805.0
4280,284.25,805.0
2669,266.0,805.0
1226,273.5,805.0
3959,298.25,805.0
3166,247.75,805.0
4410,251.25,805.0
2761,254.0,805.0
4267,244.25,805.0
3478,257.75,806.0
4960,249.0,806.0
3149,311.75,806.0
613,254.25,806.0
350,269.0,806.0
1952,347.25,806.0
2455,302.25,806.0
3147,462.5,806.0
632,219.5,806.0
3832,252.25,806.0
650,244.75,806.0
2818,258.25,806.0
1979,202.25,806.0
4861,246.75,806.0
4901,241.5,806.0
258,304.0,806.0
794,238.75,806.0
3314,249.5,806.0
3416,266.5,806.0
4672,243.0,806.0
2671,323.25,806.0
1082,254.75,806.0
1664,314.5,806.0
1086,248.75,806.0
3789,252.0,806.0
638,323.5,806.0
1978,219.25,806.0
2040,312.0,806.0
3392,264.75,806.0
955,245.5,806.0
31,236.25,806.0
4659,283.0,806.0
3730,289.5,806.0
3351,313.5,806.0
661,279.5,806.0
2017,217.25,806.0
122,203.75,806.0
2412,247.25,806.0
3691,231.75,806.0
4399,265.5,806.0
2850,229.75,806.0
4278,266.25,806.0
2991,299.75,806.0
1239,203.25,806.0
2172,334.75,806.0
238,259.5,806.0
4810,213.0,806.0
3942,278.25,806.0
3538,270.25,806.0
161,208.0,806.0
4051,279.5,806.0
747,217.5,806.0
557,352.25,806.0
976,279.0,806.0
2546,255.75,806.0
3993,274.25,806.0
1692,249.75,806.0
2008,226.25,806.0
4480,313.0,806.0
1570,255.75,806.0
3592,262.25,806.0
4782,278.25,806.0
888,304.75,806.0
1249,307.75,806.0
2384,296.75,806.0
4778,257.25,806.0
2624,261.75,807.0
4122,283.75,807.0
1527,263.25,807.0
4226,354.25,807.0
3329,283.25,807.0
2792,310.0,807.0
4752,248.5,807.0
1432,274.25,807.0
160,281.75,807.0
2618,367.75,807.0
2951,237.75,807.0
4005,299.0,807.0
1797,373.25,807.0
3125,259.25,807.0
1393,260.5,807.0
446,307.5,807.0
4163,317.5,807.0
3132,250.75,807.0
2896,258.75,807.0
2498,266.75,807.0
4791,313.25,807.0
2503,290.0,807.0
1007,306.75,807.0
1002,220.0,807.0
4312,240.25,807.0
1282,289.25,807.0
4886,250.75,807.0
988,232.25,807.0
465,216.75,807.0
1114,244.75,807.0
3701,297.0,807.0
4823,251.0,807.0
4190,299.0,807.0
1455,286.75,807.0
2655,277.75,807.0
3261,290.0,807.0
1453,281.75,807.0
43,239.25,807.0
2265,268.75,807.0
420,248.0,807.0
1203,229.75,807.0
419,268.0,807.0
973,264.25,807.0
3294,216.0,807.0
1438,263.75,807.0
4521,260.0,807.0
2044,264.25,807.0
1914,263.25,807.0
2282,271.75,807.0
1575,296.0,807.0
771,267.75,807.0
2,236.25,807.0
2989,297.25,807.0
2803,295.0,807.0
4738,273.75,807.0
3535,242.0,807.0
1110,256.0,807.0
3860,214.25,807.0
2353,229.25,807.0
3084,265.5,807.0
3761,224.25,807.0
3311,339.5,808.0
4890,242.75,808.0
3841,243.0,808.0
4591,265.25,808.0
1170,278.0,808.0
4123,248.0,808.0
3869,237.0,808.0
1166,259.75,808.0
3161,275.25,808.0
4149,256.0,808.0
1977,310.75,808.0
484,260.0,808.0
1976,241.0,808.0
3341,245.0,808.0
1628,249.25,808.0
63,278.0,808.0
2240,212.5,808.0
3743,248.75,808.0
2538,275.0,808.0
3966,287.0,808.0
4694,240.5,808.0
1240,240.5,808.0
2475,249.75,808.0
577,250.25,808.0
327,232.75,808.0
1101,331.0,808.0
4491,290.5,808.0
591,298.5,808.0
57,246.0,808.0
656,211.25,808.0
4954,274.75,808.0
2261,220.25,808.0
2360,302.75,808.0
4612,253.0,808.0
1451,245.0,808.0
3509,237.0,808.0
3698,255.25,808.0
4465,277.75,808.0
4378,247.25,808.0
4038,257.0,808.0
1697,266.25,808.0
3070,357.0,808.0
261,265.5,808.0
904,283.75,808.0
4321,263.75,808.0
1420,228.25,808.0
2064,234.5,808.0
1304,291.75,808.0
3138,252.5,808.0
2206,253.25,808.0
868,237.25,808.0
4323,281.75,808.0
4981,231.0,808.0
2519,244.5,808.0
1175,350.5,808.0
4543,273.5,808.0
3984,258.0,808.0
4466,255.25,808.0
4419,274.5,808.0
2663,339.5,808.0
85,216.75,808.0
1549,313.5,808.0
259,283.0,808.0
3413,268.75,808.0
1899,224.25,808.0
1827,279.75,809.0
4285,349.5,809.0
3594,306.75,809.0
3982,288.25,809.0
688,275.0,809.0
1138,238.0,809.0
3611,253.0,809.0
3688,286.25,809.0
253,303.25,809.0
3846,367.5,809.0
1939,278.0,809.0
1926,265.25,809.0
4538,296.25,809.0
4095,219.75,809.0
754,269.25,809.0
1626,219.75,809.0
1288,234.75,809.0
1895,265.5,809.0
1884,265.75,809.0
1620,300.25,809.0
1614,246.25,809.0
3736,289.5,809.0
4272,227.0,809.0
1211,241.25,809.0
3276,229.5,809.0
1448,298.25,809.0
3502,281.5,809.0
3513,293.5,809.0
3283,292.75,809.0
4146,334.25,809.0
2107,279.25,809.0
3192,275.0,809.0
1018,247.25,809.0
1107,236.75,809.0
896,254.0,809.0
531,271.0,809.0
534,327.75,809.0
2846,317.5,809.0
90,231.5,809.0
4746,377.5,809.0
4915,277.0,809.0
870,271.25,809.0
2828,261.75,809.0
2152,240.25,809.0
969,260.75,809.0
2648,280.75,809.0
4661,242.0,809.0
2089,235.75,809.0
3014,290.75,809.0
2335,309.0,809.0
2713,278.0,809.0
413,266.75,809.0
2295,342.5,809.0
615,252.5,809.0
3202,260.0,809.0
3155,284.25,809.0
2748,219.75,809.0
378,231.25,809.0
2908,236.0,809.0
2209,283.25,809.0
582,314.75,809.0
864,317.75,809.0
4,229.25,809.0
4216,257.25,810.0
1342,321.5,810.0
467,300.25,810.0
358,203.5,810.0
3023,294.0,810.0
2913,219.75,810.0
2137,233.75,810.0
2204,238.25,810.0
4611,273.0,810.0
3875,244.25,810.0
294,275.25,810.0
4209,326.5,810.0
2143,297.5,810.0
2606,242.5,810.0
3298,234.75,810.0
4131,352.5,810.0
118,274.75,810.0
1529,288.0,810.0
3731,267.75,810.0
2072,244.25,810.0
225,300.25,810.0
4220,289.5,810.0
4653,225.5,810.0
2259,233.0,810.0
3981,292.75,810.0
2383,269.0,810.0
3923,252.75,810.0
4547,297.75,810.0
3550,218.75,810.0
761,278.0,810.0
2710,267.5,810.0
1062,239.25,810.0
3295,322.5,810.0
4594,298.5,810.0
1074,291.0,810.0
4438,278.5,810.0
4169,333.25,810.0
1789,221.75,810.0
2898,234.75,810.0
3468,261.5,810.0
3469,278.0,810.0
4077,268.0,810.0
4615,223.5,810.0
2889,209.0,810.0
41,346.25,810.0
510,297.5,810.0
4515,249.0,810.0
1376,292.5,810.0
1726,282.75,810.0
3191,236.25,810.0
4488,269.75,810.0
2923,295.0,810.0
3080,241.5,810.0
1583,313.25,810.0
943,265.25,811.0
4654,232.75,811.0
3770,243.25,811.0
2288,302.25,811.0
2491,237.5,811.0
3418,258.0,811.0
4360,293.25,811.0
2642,219.25,811.0
3211,299.5,811.0
3460,413.5,811.0
3722,226.5,811.0
1311,251.25,811.0
3052,265.0,811.0
469,237.25,811.0
1073,279.5,811.0
3450,228.5,811.0
2682,252.0,811.0
3510,301.5,811.0
609,298.0,811.0
2733,232.75,811.0
403,276.0,811.0
2665,238.75,811.0
2316,261.5,811.0
138,301.75,811.0
4845,215.25,811.0
3383,291.75,811.0
4359,269.0,811.0
3840,312.75,811.0
2694,280.25,811.0
3043,250.5,811.0
1999,258.75,811.0
763,278.5,811.0
1050,259.0,811.0
4112,236.5,811.0
2229,302.25,811.0
3999,239.5,811.0
1159,269.75,811.0
4385,228.25,811.0
3682,196.25,811.0
901,250.0,811.0
4387,251.5,811.0
1003,248.75,811.0
3184,270.25,811.0
1370,288.25,811.0
1364,303.5,811.0
386,301.5,811.0
61,266.0,811.0
4119,284.25,811.0
4075,235.5,811.0
4076,277.75,811.0
2428,251.5,811.0
288,247.25,811.0
3633,226.75,811.0
685,274.75,811.0
3209,303.5,811.0
3620,275.5,811.0
1230,236.25,811.0
544,231.75,811.0
2849,273.0,811.0
1691,236.75,811.0
4925,299.75,811.0
824,286.75,811.0
4238,282.0,811.0
4243,312.25,811.0
3350,264.25,811.0
3652,249.25,812.0
4582,431.25,812.0
3783,247.25,812.0
286,245.0,812.0
2480,227.25,812.0
3330,310.0,812.0
1212,248.25,812.0
4331,285.25,812.0
3156,333.0,812.0
416,325.0,812.0
1983,225.25,812.0
4689,225.5,812.0
3574,213.25,812.0
2120,280.75,812.0
3576,217.75,812.0
2413,241.0,812.0
1049,228.25,812.0
1624,307.25,812.0
3049,297.0,812.0
146,278.75,812.0
1619,232.5,812.0
2447,270.0,812.0
1378,263.25,812.0
3470,267.5,812.0
4080,253.0,812.0
2302,322.5,812.0
1196,219.0,812.0
3474,246.75,812.0
4416,292.75,812.0
144,296.5,812.0
4692,299.0,812.0
4587,307.25,812.0
360,232.5,812.0
835,262.25,812.0
1762,289.75,812.0
4275,247.25,812.0
1955,250.75,812.0
3172,299.25,812.0
2344,221.25,812.0
3097,279.5,812.0
3545,237.5,812.0
1232,267.25,812.0
3596,229.25,812.0
1969,284.25,812.0
4001,265.0,812.0
1140,294.25,812.0
1927,297.5,812.0
3112,235.75,812.0
809,233.0,812.0
4574,295.75,812.0
4529,229.75,812.0
4273,237.25,812.0
993,214.25,812.0
2983,269.75,812.0
607,328.25,812.0
3088,277.75,812.0
1349,231.5,812.0
4671,329.5,812.0
3679,263.25,812.0
857,210.0,812.0
3952,234.5,812.0
280,231.25,812.0
4741,269.0,813.0
2276,220.5,813.0
4337,252.0,813.0
2141,246.75,813.0
1861,304.5,813.0
3553,265.75,813.0
296,283.75,813.0
4476,228.75,813.0
1221,230.75,813.0
4371,257.75,813.0
1655,266.5,813.0
3647,231.5,813.0
4832,244.75,813.0
466,219.0,813.0
655,234.5,813.0
2929,281.5,813.0
1208,277.5,813.0
1684,251.75,813.0
1253,259.75,813.0
4307,242.0,813.0
2529,295.5,813.0
1984,232.25,813.0
2337,313.0,813.0
2338,258.5,813.0
4050,263.75,813.0
1152,280.25,813.0
17,267.75,813.0
2410,219.5,813.0
389,246.0,813.0
4102,250.75,813.0
735,271.0,813.0
33,228.5,813.0
728,263.75,813.0
4567,229.0,813.0
713,255.0,813.0
2658,264.25,813.0
3340,300.25,813.0
1357,329.0,813.0
2627,251.5,813.0
3347,317.0,813.0
2594,253.0,813.0
1392,253.0,813.0
2633,315.25,813.0
4129,304.0,813.0
3834,278.25,813.0
3445,290.5,813.0
4876,240.5,813.0
2723,210.75,813.0
4998,289.75,813.0
1197,278.0,813.0
3074,254.5,813.0
247,248.75,813.0
377,237.0,813.0
3075,246.75,813.0
2468,275.5,813.0
3230,231.25,813.0
4597,312.0,813.0
1130,275.25,814.0
1821,232.25,814.0
2621,320.5,814.0
4826,249.0,814.0
3715,242.25,814.0
2609,211.0,814.0
3463,240.0,814.0
1255,353.0,814.0
1505,279.5,814.0
2981,268.25,814.0
1396,219.0,814.0
1163,244.75,814.0
2449,265.25,814.0
2463,261.25,814.0
4944,205.0,814.0
578,293.25,814.0
1991,252.25,814.0
672,214.0,814.0
1025,252.0,814.0
2996,259.0,814.0
2423,298.0,814.0
4796,276.0,814.0
4121,227.0,814.0
4785,260.25,814.0
2910,225.5,814.0
4224,268.5,814.0
2418,280.25,814.0
217,244.75,814.0
1573,278.5,814.0
1915,310.75,814.0
1853,348.75,814.0
4554,265.75,814.0
3024,335.75,814.0
3766,254.0,814.0
72,257.0,814.0
3880,225.25,814.0
4351,231.75,814.0
608,201.5,814.0
4281,223.5,814.0
2712,239.25,814.0
3790,262.75,814.0
1329,290.75,814.0
707,259.75,814.0
330,269.75,814.0
1315,320.25,814.0
256,244.5,814.0
52,311.0,814.0
2859,278.25,814.0
694,296.5,814.0
924,214.75,814.0
3366,332.75,814.0
3134,277.5,814.0
2357,208.25,814.0
315,248.5,814.0
659,221.5,814.0
844,298.25,814.0
2275,393.5,814.0
227,312.75,814.0
2063,275.0,814.0
1590,296.0,815.0
1415,314.25,815.0
2287,241.0,815.0
3862,252.75,815.0
2329,248.25,815.0
1683,278.5,815.0
239,269.5,815.0
2628,234.25,815.0
4115,321.0,815.0
4314,272.0,815.0
1617,256.75,815.0
4878,241.0,815.0
4863,208.75,815.0
2317,228.25,815.0
2862,293.0,815.0
4882,263.25,815.0
1557,280.0,815.0
4265,239.5,815.0
3753,280.75,815.0
4211,281.0,815.0
4262,307.25,815.0
277,243.5,815.0
2693,274.25,815.0
2659,262.25,815.0
1472,227.75,815.0
968,269.25,815.0
1696,283.75,815.0
737,216.5,815.0
1459,373.75,815.0
4825,272.5,815.0
2220,351.5,815.0
3974,307.0,815.0
2560,262.75,815.0
2700,222.25,815.0
164,246.75,815.0
2425,290.0,815.0
744,260.75,815.0
1351,265.5,815.0
3233,283.0,815.0
1810,280.0,815.0
3150,253.25,815.0
2110,274.0,815.0
1951,234.25,815.0
82,309.0,815.0
4726,236.25,815.0
2175,255.5,815.0
2033,303.25,815.0
631,334.5,815.0
4647,299.25,815.0
1841,276.0,815.0
84,231.5,815.0
3362,248.5,815.0
4772,231.25,815.0
1104,236.0,815.0
2041,228.75,815.0
1102,302.0,815.0
2198,281.75,815.0
1121,249.25,815.0
388,319.0,815.0
4439,200.25,815.0
4719,267.5,815.0
3335,244.0,815.0
4667,220.5,815.0
3304,241.25,815.0
573,213.25,816.0
2082,356.25,816.0
4550,228.25,816.0
677,243.25,816.0
2787,344.75,816.0
219,274.25,816.0
216,293.25,816.0
1501,220.5,816.0
1960,278.5,816.0
2048,241.0,816.0
4227,213.75,816.0
3671,308.25,816.0
1704,274.25,816.0
1817,249.0,816.0
2830,285.5,816.0
110,304.75,816.0
417,240.0,816.0
3495,218.25,816.0
4718,250.25,816.0
4348,271.0,816.0
3811,248.25,816.0
1307,234.25,816.0
147,305.5,816.0
4304,278.0,816.0
4864,268.25,816.0
4865,283.0,816.0
332,302.0,816.0
3845,228.75,816.0
2326,346.5,816.0
1668,251.5,816.0
1670,282.75,816.0
3740,238.5,816.0
819,261.25,816.0
2270,257.25,816.0
1900,219.0,816.0
340,201.5,816.0
1831,256.25,816.0
2169,284.0,816.0
4900,256.5,816.0
2084,260.25,816.0
3669,301.5,816.0
1068,272.5,816.0
2523,241.5,816.0
4052,243.0,816.0
2514,222.5,816.0
4099,259.25,816.0
1985,295.75,816.0
3668,322.0,816.0
849,288.25,816.0
181,267.5,816.0
66,244.75,816.0
895,340.5,816.0
1447,274.0,816.0
1418,315.5,816.0
3654,297.75,816.0
4619,289.75,816.0
4434,235.25,816.0
1379,235.0,816.0
2046,242.75,816.0
2195,267.75,816.0
2571,234.25,816.0
8,237.25,816.0
4997,221.25,816.0
759,211.5,816.0
4637,330.25,816.0
2342,245.5,817.0
3082,317.5,817.0
4091,229.25,817.0
4525,239.5,817.0
4180,294.25,817.0
4670,246.0,817.0
3420,277.0,817.0
1783,249.75,817.0
2099,252.75,817.0
2390,280.5,817.0
621,320.0,817.0
3201,302.5,817.0
4779,250.0,817.0
2765,291.5,817.0
4856,326.0,817.0
1405,243.5,817.0
1128,285.25,817.0
468,237.75,817.0
2328,312.0,817.0
3607,273.75,817.0
1652,284.75,817.0
3458,287.5,817.0
71,224.0,817.0
1402,240.25,817.0
1246,259.75,817.0
2025,245.0,817.0
4133,317.25,817.0
3533,238.75,817.0
2999,320.75,817.0
2905,368.5,817.0
1532,344.75,817.0
508,230.75,817.0
2856,227.25,817.0
614,284.5,817.0
1705,269.75,817.0
4040,308.25,817.0
987,291.25,817.0
1353,266.75,817.0
3303,281.0,817.0
2622,268.0,817.0
4646,279.0,817.0
617,300.75,817.0
911,237.0,817.0
208,274.75,817.0
2055,351.75,817.0
153,278.0,817.0
1701,271.25,817.0
1552,274.75,817.0
1150,254.25,817.0
4660,277.25,817.0
2548,244.25,817.0
4821,272.25,817.0
1929,299.0,817.0
3105,276.0,817.0
4666,289.0,817.0
3904,350.75,817.0
4403,275.5,817.0
1444,252.0,817.0
2345,249.25,817.0
3109,280.25,817.0
1334,232.75,818.0
4318,238.75,818.0
533,254.75,818.0
4577,307.25,818.0
207,249.5,818.0
4486,229.5,818.0
4844,335.5,818.0
1954,298.25,818.0
3399,247.75,818.0
3453,254.75,818.0
1371,255.75,818.0
4124,222.5,818.0
767,309.25,818.0
94,236.25,818.0
507,273.75,818.0
2427,260.75,818.0
2331,226.5,818.0
1564,204.75,818.0
4294,294.75,818.0
2509,231.25,818.0
4287,330.0,818.0
1456,243.0,818.0
3887,292.75,818.0
2375,251.25,818.0
633,254.0,818.0
1720,257.25,818.0
3704,272.5,818.0
4474,285.0,818.0
1799,310.0,818.0
2806,254.25,818.0
1750,322.5,818.0
445,258.25,818.0
278,208.5,818.0
1828,274.25,818.0
2886,265.0,818.0
3660,246.5,818.0
2278,348.25,818.0
4794,340.25,818.0
834,298.25,818.0
3712,292.75,818.0
3544,326.75,818.0
491,333.25,819.0
782,252.25,819.0
1317,335.5,819.0
701,253.25,819.0
2941,255.75,819.0
3451,303.5,819.0
3095,242.75,819.0
512,238.75,819.0
995,211.25,819.0
2426,301.5,819.0
1941,256.5,819.0
4534,298.75,819.0
3423,287.75,819.0
1972,222.5,819.0
1471,269.5,819.0
267,258.25,819.0
2406,281.0,819.0
4015,298.5,819.0
646,247.75,819.0
1467,279.25,819.0
4058,296.75,819.0
1528,367.0,819.0
3185,265.25,819.0
3297,278.0,819.0
4932,261.25,819.0
314,329.0,819.0
4369,240.25,819.0
3435,291.5,819.0
1844,273.5,819.0
1686,285.0,819.0
2403,306.75,819.0
2416,292.0,819.0
3271,266.25,819.0
2675,261.0,819.0
2196,269.5,819.0
2300,274.0,819.0
2864,206.5,819.0
4596,235.5,819.0
867,253.5,819.0
1503,336.75,819.0
4494,231.75,819.0
3796,324.25,819.0
772,264.25,819.0
4707,238.25,819.0
2235,239.0,819.0
4420,251.0,819.0
4382,284.25,819.0
4617,295.5,819.0
3254,285.5,819.0
3267,205.75,819.0
4377,282.0,819.0
3769,306.75,819.0
1553,302.25,819.0
4812,279.5,819.0
4973,313.0,819.0
948,296.25,819.0
4229,241.5,819.0
1695,250.75,819.0
2043,270.0,819.0
4259,346.75,819.0
1306,250.25,819.0
4809,292.25,820.0
1522,226.5,820.0
2237,266.5,820.0
2637,254.75,820.0
4641,289.75,820.0
4650,268.0,820.0
4930,292.75,820.0
1910,278.75,820.0
1538,301.0,820.0
58,225.0,820.0
1164,412.0,820.0
4887,262.0,820.0
4452,257.25,820.0
4339,270.0,820.0
206,261.5,820.0
4917,282.5,820.0
914,253.0,820.0
3888,218.0,820.0
2050,270.0,820.0
4575,227.5,820.0
4558,237.75,820.0
657,238.75,820.0
4443,350.5,820.0
4187,318.75,820.0
1763,277.25,820.0
775,282.0,820.0
2750,260.25,820.0
776,270.25,820.0
4349,244.0,820.0
1738,329.75,820.0
4695,227.75,820.0
2518,332.25,820.0
2933,237.25,820.0
1303,261.25,820.0
1641,336.25,820.0
769,300.25,820.0
2459,242.75,820.0
95,253.5,820.0
4777,243.25,820.0
2785,249.75,820.0
2511,302.0,820.0
4866,272.75,820.0
2722,238.75,820.0
3649,279.0,820.0
1088,262.5,820.0
2962,266.25,820.0
359,274.25,820.0
3656,249.5,820.0
1888,329.25,820.0
755,287.5,820.0
4143,246.0,821.0
535,245.5,821.0
1742,241.25,821.0
357,302.75,821.0
2019,242.0,821.0
2054,312.0,821.0
4025,229.25,821.0
1410,237.5,821.0
3684,299.75,821.0
1468,252.5,821.0
1968,260.5,821.0
3148,244.25,821.0
522,249.0,821.0
4130,270.25,821.0
758,249.75,821.0
2925,237.25,821.0
3343,294.5,821.0
3572,258.0,821.0
2438,331.0,821.0
1277,193.0,821.0
4959,332.25,821.0
4196,256.5,821.0
4798,278.75,821.0
1731,250.5,821.0
1361,276.75,821.0
4218,309.25,821.0
1145,236.25,821.0
3272,242.25,821.0
3973,262.25,821.0
1965,246.25,821.0
2433,272.25,821.0
1714,314.0,821.0
4085,239.0,821.0
3270,202.25,821.0
1461,287.75,821.0
1967,219.0,821.0
1020,262.0,821.0
2970,212.5,821.0
1009,267.25,821.0
4047,248.0,821.0
4022,235.5,821.0
3777,208.25,821.0
1892,212.5,821.0
32,229.5,821.0
4373,256.0,821.0
1183,250.25,821.0
569,268.75,821.0
3415,269.5,821.0
1677,292.25,821.0
3520,238.5,821.0
2330,304.5,821.0
1589,261.0,821.0
698,300.0,821.0
3068,236.75,821.0
1891,230.75,821.0
2121,302.0,821.0
2811,291.75,821.0
4720,305.0,821.0
2744,257.0,821.0
1879,309.25,821.0
1878,273.5,821.0
2754,274.75,821.0
4479,211.0,821.0
1857,234.75,821.0
141,222.75,821.0
3773,304.75,821.0
932,252.25,821.0
111,258.75,821.0
4673,263.75,821.0
3707,269.75,821.0
1094,234.5,821.0
1227,257.25,821.0
4381,263.0,821.0
4748,288.25,821.0
249,290.75,822.0
2743,277.75,822.0
3367,266.25,822.0
4069,281.0,822.0
1883,205.75,822.0
1125,301.5,822.0
1147,286.25,822.0
1106,264.5,822.0
108,225.5,822.0
4398,245.75,822.0
2277,235.5,822.0
1231,286.0,822.0
2817,235.25,822.0
2251,221.0,822.0
4031,246.0,822.0
4288,271.0,822.0
3517,237.25,822.0
4026,238.5,822.0
3274,217.5,822.0
367,258.0,822.0
785,230.75,822.0
3733,249.0,822.0
321,297.5,822.0
3486,243.25,822.0
4335,246.75,822.0
175,277.25,822.0
88,227.5,822.0
1124,254.25,822.0
1752,308.0,822.0
324,275.25,822.0
957,280.75,822.0
4415,194.25,822.0
1141,250.25,822.0
1747,250.5,822.0
1636,211.75,822.0
4592,232.25,822.0
3623,220.0,822.0
1386,243.5,822.0
4851,254.5,822.0
3629,219.75,822.0
3631,245.5,822.0
2747,267.75,822.0
3555,255.25,822.0
222,266.25,822.0
2881,248.5,822.0
2361,242.0,822.0
1801,334.75,822.0
1566,251.5,822.0
1234,199.75,822.0
4009,221.5,822.0
3315,231.75,822.0
1360,300.5,822.0
2090,304.75,822.0
1037,298.5,822.0
1268,269.0,822.0
2170,263.5,822.0
910,220.25,822.0
4261,270.5,822.0
4376,249.5,822.0
4092,248.75,823.0
4891,251.0,823.0
4090,259.5,823.0
3467,268.75,823.0
2129,255.25,823.0
1165,250.75,823.0
3228,280.75,823.0
478,221.0,823.0
3363,245.5,823.0
936,318.5,823.0
595,256.75,823.0
3920,299.75,823.0
935,267.5,823.0
3462,303.0,823.0
3768,232.5,823.0
822,243.25,823.0
1384,217.75,823.0
2199,249.75,823.0
2267,232.5,823.0
3219,260.25,823.0
2303,291.0,823.0
4927,243.0,823.0
4253,237.75,823.0
1012,334.0,823.0
1637,284.0,823.0
1862,280.5,823.0
2358,266.25,823.0
4116,324.75,823.0
779,265.0,823.0
1134,239.25,823.0
2031,249.5,823.0
3286,233.75,823.0
167,280.75,823.0
4755,285.25,823.0
1908,306.25,823.0
4014,221.0,823.0
2880,200.75,823.0
1911,261.25,823.0
1599,263.5,823.0
3571,200.0,823.0
3936,229.75,823.0
3189,240.75,823.0
4057,223.0,823.0
3678,259.25,823.0
3285,276.0,823.0
2568,270.0,823.0
4725,218.5,823.0
1174,264.25,824.0
4013,251.0,824.0
1055,286.75,824.0
1330,303.5,824.0
3797,217.5,824.0
3794,227.75,824.0
4379,257.0,824.0
281,231.5,824.0
2964,296.5,824.0
1377,283.0,824.0
1238,216.25,824.0
4501,233.0,824.0
1907,213.25,824.0
1506,267.0,824.0
444,262.25,824.0
2035,264.0,824.0
2779,292.0,824.0
3916,262.5,824.0
3710,224.0,824.0
1835,290.5,824.0
2617,265.5,824.0
2824,264.0,824.0
4138,213.0,824.0
2130,271.5,824.0
2578,227.75,824.0
2474,256.5,824.0
1728,239.0,824.0
114,289.0,824.0
922,238.5,824.0
3188,237.25,824.0
2749,271.75,824.0
2827,242.75,824.0
2119,239.75,824.0
1867,275.25,824.0
4833,321.0,824.0
1466,248.75,824.0
4002,243.5,824.0
4829,295.5,824.0
4277,254.0,824.0
3275,301.0,824.0
1784,311.75,824.0
3945,258.5,824.0
532,252.5,824.0
766,326.75,824.0
2643,255.25,824.0
4170,247.75,824.0
1518,309.5,824.0
1613,263.25,824.0
2768,326.75,824.0
4397,297.5,824.0
3475,206.25,824.0
1516,236.25,824.0
4781,239.0,825.0
1291,269.75,825.0
1399,245.75,825.0
1052,315.5,825.0
4244,229.5,825.0
4527,265.75,825.0
4965,261.75,825.0
5,310.5,825.0
1151,279.0,825.0
1199,291.25,825.0
2930,263.75,825.0
3640,286.5,825.0
2902,257.0,825.0
3015,310.25,825.0
2588,246.25,825.0
3006,276.5,825.0
2596,246.25,825.0
1787,232.5,825.0
2998,277.75,825.0
2388,263.25,825.0
3402,239.0,825.0
428,271.25,825.0
273,242.5,825.0
2938,237.75,825.0
2926,266.25,825.0
2359,275.75,825.0
3385,260.5,825.0
2670,255.5,825.0
2920,284.75,825.0
1556,286.75,825.0
1551,247.75,825.0
3735,292.75,825.0
3601,233.25,825.0
1602,248.25,825.0
2687,369.25,825.0
669,267.0,825.0
3073,216.0,825.0
3482,304.5,825.0
2545,267.0,825.0
3443,241.0,825.0
1419,334.0,825.0
1648,243.5,825.0
1873,205.0,825.0
3776,268.75,825.0
2495,332.0,825.0
3488,258.0,825.0
3567,296.25,825.0
2777,267.0,825.0
1514,295.0,825.0
2078,259.0,825.0
2021,291.5,825.0
1494,232.5,826.0
2219,270.5,826.0
1515,278.5,826.0
1347,258.25,826.0
4231,289.25,826.0
2866,324.25,826.0
2865,223.5,826.0
2243,278.25,826.0
3667,283.25,826.0
156,268.75,826.0
3775,260.75,826.0
2222,260.5,826.0
4504,273.0,826.0
2476,225.5,826.0
1568,232.25,826.0
623,267.0,826.0
804,230.25,826.0
4334,228.75,826.0
4630,213.25,826.0
2027,264.75,826.0
98,292.25,826.0
1143,229.25,826.0
4588,273.75,826.0
3810,315.5,826.0
2098,342.75,826.0
3817,257.0,826.0
3293,264.5,826.0
3062,239.5,826.0
1320,344.25,826.0
1324,221.5,826.0
4145,266.0,826.0
326,253.0,826.0
2174,336.25,826.0
3885,286.5,826.0
2217,239.25,826.0
2986,248.75,826.0
2234,247.0,826.0
1874,231.75,826.0
2592,300.25,826.0
4464,290.75,826.0
199,314.25,826.0
660,277.75,826.0
2414,244.25,826.0
2692,228.5,826.0
4948,249.5,826.0
4867,230.75,826.0
1433,283.5,826.0
4083,273.0,826.0
171,317.75,826.0
1422,267.5,826.0
2542,278.25,826.0
2315,263.5,826.0
3560,199.0,826.0
1209,253.25,826.0
4062,244.5,826.0
126,262.25,826.0
2482,245.25,826.0
636,249.75,827.0
915,271.0,827.0
102,276.75,827.0
593,307.25,827.0
2623,273.25,827.0
24,276.5,827.0
2180,307.0,827.0
3030,204.75,827.0
3020,255.25,827.0
1441,243.0,827.0
4462,247.5,827.0
4455,279.75,827.0
2557,305.5,827.0
3813,256.0,827.0
4164,290.5,827.0
2550,318.75,827.0
3244,285.0,827.0
3216,246.5,827.0
4429,262.25,827.0
426,263.25,827.0
345,243.75,827.0
4922,261.5,827.0
2006,367.0,827.0
945,247.75,827.0
4516,275.75,827.0
684,256.25,827.0
4509,268.0,827.0
1710,293.75,827.0
647,210.5,827.0
3931,217.75,827.0
1547,375.75,827.0
2724,264.25,827.0
3446,252.75,827.0
562,238.75,827.0
2226,216.0,827.0
121,318.75,827.0
580,267.75,827.0
2676,230.75,827.0
3913,339.5,827.0
1702,217.5,827.0
1727,228.5,827.0
837,277.75,828.0
3282,261.5,828.0
2734,248.25,828.0
1356,263.25,828.0
3814,288.25,828.0
4165,262.25,828.0
950,263.25,828.0
3807,235.25,828.0
4109,247.25,828.0
4974,316.0,828.0
751,217.25,828.0
3800,241.75,828.0
4324,257.75,828.0
3255,211.25,828.0
2739,247.25,828.0
4816,233.75,828.0
965,241.5,828.0
4327,293.5,828.0
3765,279.25,828.0
2515,260.75,828.0
2809,253.25,828.0
1645,312.25,828.0
654,272.75,828.0
601,276.25,828.0
1622,279.25,828.0
3334,267.5,828.0
1281,289.0,828.0
4854,317.0,828.0
2321,282.5,828.0
2192,253.5,828.0
4089,272.0,828.0
498,217.25,828.0
1283,257.5,828.0
598,193.0,828.0
4889,248.25,828.0
757,226.5,828.0
4101,282.75,828.0
4173,256.0,828.0
234,225.75,828.0
3842,249.0,828.0
4773,284.0,828.0
817,231.75,828.0
2136,237.75,828.0
554,233.5,828.0
3901,256.75,828.0
165,241.75,828.0
112,224.25,829.0
4606,253.75,829.0
3333,228.5,829.0
3724,228.25,829.0
667,387.25,829.0
1830,226.0,829.0
1287,230.0,829.0
1285,275.75,829.0
3492,223.0,829.0
356,248.25,829.0
1843,283.5,829.0
680,280.25,829.0
4435,288.5,829.0
1008,231.75,829.0
3978,324.5,829.0
3000,243.75,829.0
2836,205.0,829.0
3998,293.25,829.0
408,263.75,829.0
2751,237.25,829.0
2153,242.5,829.0
2096,241.5,829.0
2097,229.5,829.0
2737,236.75,829.0
2504,233.5,829.0
3176,258.5,829.0
722,263.0,829.0
2867,224.25,829.0
3113,303.5,829.0
906,282.25,829.0
1293,269.0,830.0
4236,239.75,830.0
1385,338.25,830.0
3608,281.75,830.0
2868,234.75,830.0
2567,276.25,830.0
1587,251.0,830.0
2290,281.75,830.0
3401,284.0,830.0
4859,216.25,830.0
3997,277.25,830.0
652,286.75,830.0
1480,260.0,830.0
1474,311.75,830.0
944,330.0,830.0
2730,274.75,830.0
2681,229.5,830.0
4898,234.75,830.0
4418,216.25,830.0
4222,245.75,830.0
3388,267.75,830.0
3914,260.5,830.0
3222,272.0,830.0
4330,229.25,830.0
517,248.25,830.0
1103,220.75,830.0
1989,243.0,830.0
3159,222.5,830.0
4356,243.25,830.0
4674,221.25,830.0
1971,257.25,830.0
4576,304.75,830.0
2118,228.25,830.0
3069,241.25,830.0
1923,259.25,830.0
1963,265.5,830.0
3858,218.25,830.0
1582,227.0,830.0
1836,279.5,830.0
637,283.5,830.0
4366,242.75,830.0
3591,267.25,830.0
4135,224.0,830.0
2188,192.0,830.0
4563,252.5,830.0
866,267.75,830.0
431,262.5,830.0
3616,219.0,830.0
2411,230.0,831.0
854,276.0,831.0
894,228.75,831.0
501,285.25,831.0
1241,233.75,831.0
2407,252.5,831.0
3235,294.75,831.0
3508,326.25,831.0
626,230.25,831.0
3186,214.75,831.0
432,236.25,831.0
4757,259.25,831.0
3338,207.75,831.0
2181,278.75,831.0
2200,292.25,831.0
3522,308.25,831.0
4780,235.5,831.0
3430,299.25,831.0
1887,255.75,831.0
2272,274.0,831.0
2814,247.5,831.0
789,247.0,831.0
649,228.75,831.0
2308,234.5,831.0
2231,305.0,831.0
4517,265.0,831.0
1407,228.75,831.0
1437,266.5,831.0
4066,337.5,831.0
752,220.0,831.0
170,251.25,831.0
679,221.0,831.0
4427,234.75,831.0
3762,278.75,831.0
272,332.25,831.0
4078,307.0,831.0
4177,234.5,831.0
1284,261.5,831.0
210,410.0,831.0
1488,239.75,831.0
4837,257.0,832.0
204,220.5,832.0
115,285.5,832.0
3440,244.25,832.0
2309,273.5,832.0
2884,254.0,832.0
202,284.0,832.0
4789,300.5,832.0
201,278.75,832.0
4489,316.5,832.0
3448,210.5,832.0
4573,270.5,832.0
2916,363.25,832.0
3906,199.75,832.0
3234,204.25,832.0
3782,258.0,832.0
362,276.25,832.0
3803,334.5,832.0
3158,249.0,832.0
2058,218.75,832.0
4578,241.25,832.0
3917,260.75,832.0
2100,228.0,832.0
3059,251.5,832.0
3368,214.5,832.0
3004,280.25,832.0
3866,235.5,832.0
4539,283.0,832.0
1041,205.5,832.0
1918,279.75,832.0
80,288.5,832.0
4055,249.0,832.0
3245,328.25,832.0
1452,323.75,832.0
4993,212.5,832.0
3586,312.75,832.0
299,285.25,832.0
2526,228.75,832.0
2528,281.0,832.0
10,258.75,832.0
2652,269.75,832.0
29,240.5,832.0
887,265.25,832.0
1780,275.25,833.0
2056,252.75,833.0
746,264.25,833.0
2563,254.25,833.0
4551,317.0,833.0
2521,243.75,833.0
3320,288.25,833.0
4768,229.5,833.0
4274,261.0,833.0
3101,293.75,833.0
1917,265.0,833.0
4532,340.5,833.0
938,237.0,833.0
2553,259.0,833.0
3628,306.0,833.0
2997,260.75,833.0
3019,214.5,833.0
319,248.0,833.0
3358,274.0,833.0
2131,252.25,833.0
136,265.0,833.0
2216,269.75,833.0
3128,258.25,833.0
4421,297.75,833.0
1260,292.75,833.0
953,261.25,833.0
2000,259.75,833.0
3772,294.5,833.0
2307,239.5,833.0
376,315.25,833.0
801,266.75,833.0
125,255.5,833.0
624,303.0,833.0
622,282.75,833.0
4037,276.25,833.0
3169,256.75,833.0
2453,256.25,833.0
2854,242.75,833.0
459,225.5,833.0
2049,200.25,833.0
1401,259.25,833.0
1502,223.75,833.0
2083,285.75,834.0
1997,229.25,834.0
4697,280.25,834.0
355,355.75,834.0
1123,308.25,834.0
4987,262.75,834.0
1945,327.25,834.0
3057,291.0,834.0
2440,248.0,834.0
4020,288.25,834.0
937,226.0,834.0
2701,272.5,834.0
3822,279.25,834.0
4311,289.25,834.0
4679,296.0,834.0
1093,259.75,834.0
1616,269.75,834.0
4492,355.5,834.0
2906,322.25,834.0
4097,226.0,834.0
1223,254.75,834.0
4942,291.25,834.0
1709,226.0,834.0
4906,288.25,834.0
1071,259.75,834.0
1343,199.75,834.0
4770,227.75,834.0
2939,256.5,834.0
712,282.75,834.0
762,261.25,834.0
1718,249.5,834.0
890,244.75,834.0
4514,290.25,834.0
188,309.75,834.0
4744,234.75,834.0
2788,257.25,834.0
1489,213.5,834.0
1047,269.75,834.0
4490,299.0,834.0
2756,214.25,834.0
1584,299.0,834.0
1807,254.75,834.0
2533,249.75,834.0
4897,262.0,834.0
1064,262.5,834.0
3661,255.25,834.0
2615,268.0,834.0
4067,248.0,835.0
1650,264.5,835.0
186,242.5,835.0
3054,273.5,835.0
1434,245.0,835.0
4154,224.5,835.0
1098,239.5,835.0
4282,318.5,835.0
83,239.5,835.0
2111,302.5,835.0
1625,241.75,835.0
4683,326.5,835.0
1335,269.5,835.0
3826,266.25,835.0
2327,246.5,835.0
4724,290.5,835.0
818,273.0,835.0
998,214.5,835.0
2934,277.25,835.0
2139,209.75,835.0
3395,258.75,835.0
282,229.75,835.0
4599,260.25,835.0
4557,246.75,835.0
640,271.25,835.0
4560,220.5,835.0
665,309.75,835.0
100,261.5,835.0
1187,266.0,835.0
791,317.25,835.0
1673,269.75,836.0
411,238.0,836.0
3792,233.75,836.0
353,250.25,836.0
2144,273.25,836.0
4975,279.0,836.0
4524,333.25,836.0
3165,325.5,836.0
2746,302.0,836.0
919,284.0,836.0
89,243.0,836.0
2086,226.75,836.0
2081,272.25,836.0
39,259.0,836.0
354,255.5,836.0
773,256.75,836.0
3805,285.0,836.0
4723,311.25,836.0
4412,270.25,836.0
214,264.25,836.0
69,249.0,836.0
243,236.5,836.0
1786,299.0,836.0
2381,259.0,836.0
421,311.75,836.0
2122,242.0,836.0
4546,290.0,836.0
3558,221.75,837.0
2608,232.0,837.0
4316,323.0,837.0
1272,251.25,837.0
2177,223.75,837.0
3838,364.75,837.0
3703,262.25,837.0
4675,252.25,837.0
3387,307.25,837.0
1880,282.75,837.0
2890,278.25,837.0
472,231.75,837.0
1956,246.25,837.0
671,239.25,837.0
3965,259.75,837.0
3414,242.5,837.0
2088,264.0,837.0
2691,257.0,837.0
940,246.75,837.0
1507,281.0,837.0
307,258.0,837.0
3396,212.75,837.0
140,320.25,837.0
2860,296.75,837.0
3177,265.75,837.0
2047,252.25,837.0
1732,249.0,837.0
2059,207.25,837.0
2061,344.25,837.0
179,259.25,837.0
3626,274.5,837.0
4580,244.0,837.0
612,245.5,838.0
2572,221.25,838.0
997,249.5,838.0
1521,274.5,838.0
2597,322.0,838.0
1559,257.75,838.0
4839,250.5,838.0
4372,261.75,838.0
2804,254.25,838.0
2831,343.75,838.0
3232,243.25,838.0
4735,262.0,838.0
1676,211.75,838.0
3126,221.0,838.0
1751,277.75,838.0
3479,288.75,838.0
3121,269.0,838.0
1006,250.5,838.0
3424,376.0,838.0
2995,240.75,838.0
241,215.5,838.0
2524,279.25,838.0
2114,229.75,838.0
516,268.25,838.0
2036,263.0,838.0
4257,246.0,838.0
3433,286.0,838.0
1688,237.0,839.0
893,297.0,839.0
1411,280.0,839.0
4341,248.5,839.0
2838,250.0,839.0
2587,228.25,839.0
3511,293.5,839.0
2258,249.5,839.0
463,298.0,839.0
3045,225.75,839.0
2812,328.0,839.0
488,256.5,839.0
93,343.5,839.0
4687,233.5,839.0
3067,235.25,839.0
1992,215.5,839.0
2690,235.5,839.0
2570,288.5,839.0
4955,272.5,839.0
1146,220.75,839.0
1699,215.5,839.0
1986,262.5,839.0
4139,261.75,839.0
4807,324.0,840.0
3551,281.5,840.0
3007,219.0,840.0
2159,312.0,840.0
1758,305.0,840.0
714,299.5,840.0
4970,260.25,840.0
3017,269.75,840.0
1289,292.75,840.0
4995,249.5,840.0
519,236.0,840.0
2488,287.5,840.0
366,253.0,840.0
3223,241.75,840.0
1345,310.75,840.0
178,274.0,840.0
448,340.25,840.0
2634,369.25,840.0
2314,258.5,840.0
2310,224.25,840.0
1416,252.0,840.0
549,262.0,840.0
3926,373.5,840.0
1084,234.5,840.0
1953,269.25,840.0
2126,302.5,840.0
3056,210.0,840.0
3051,246.0,840.0
3028,198.5,840.0
3022,270.0,840.0
574,254.25,840.0
1229,325.75,841.0
3685,266.5,841.0
4436,249.25,841.0
4368,236.5,841.0
4912,289.25,841.0
1632,272.25,841.0
3094,231.0,841.0
3487,229.5,841.0
3083,251.0,841.0
2688,248.0,841.0
2298,217.25,841.0
3318,244.25,841.0
1734,252.75,841.0
813,323.25,841.0
1504,255.75,841.0
3377,271.75,841.0
4299,218.5,841.0
2842,323.75,841.0
2241,280.5,841.0
3954,218.75,841.0
1838,225.0,841.0
290,273.5,842.0
784,259.25,842.0
3934,219.5,842.0
4082,299.75,842.0
1486,296.5,842.0
828,250.5,842.0
2304,245.75,842.0
2208,281.5,842.0
1877,264.5,842.0
483,229.75,842.0
1712,233.75,842.0
4106,252.75,842.0
3124,237.75,842.0
4283,278.25,842.0
12,325.25,842.0
2470,247.75,842.0
3034,243.25,842.0
3037,324.25,842.0
3689,261.75,842.0
1421,247.5,842.0
2540,279.75,842.0
1644,254.75,842.0
2023,286.75,842.0
418,259.5,842.0
3376,265.0,842.0
1937,258.75,842.0
2932,322.5,842.0
1083,249.75,842.0
4367,235.75,842.0
137,233.75,842.0
372,269.25,842.0
3786,233.5,842.0
4520,243.0,843.0
3650,238.25,843.0
391,247.75,843.0
2436,277.75,843.0
13,282.5,843.0
1264,233.0,843.0
1793,285.25,843.0
2544,349.0,843.0
254,266.0,843.0
4065,243.25,843.0
3780,259.25,843.0
1029,282.25,843.0
2202,235.75,843.0
3332,310.75,844.0
1571,282.75,844.0
2820,239.5,844.0
4442,266.75,844.0
328,227.75,844.0
4759,255.5,844.0
977,252.5,844.0
799,256.0,844.0
3729,296.25,844.0
3497,237.0,844.0
1548,307.75,844.0
524,249.25,844.0
1794,306.75,844.0
1665,262.5,844.0
2620,307.25,844.0
101,280.75,844.0
4213,253.75,845.0
3922,220.75,845.0
3529,248.25,845.0
184,265.25,845.0
211,283.75,845.0
449,258.75,845.0
2667,341.75,845.0
1028,256.0,845.0
974,210.5,845.0
3850,240.0,845.0
1423,247.25,845.0
2365,264.5,845.0
1035,264.0,845.0
3637,300.5,846.0
2351,243.5,846.0
1362,231.25,846.0
3431,252.75,846.0
2654,317.25,846.0
2293,268.5,846.0
3835,302.0,846.0
2382,299.25,846.0
4996,212.75,846.0
196,239.0,846.0
4911,293.0,846.0
1638,258.25,847.0
733,230.25,847.0
2679,290.0,847.0
4032,269.75,847.0
4478,210.5,847.0
2396,263.0,847.0
4107,267.5,847.0
1481,291.5,847.0
2927,357.75,847.0
4176,233.75,847.0
2109,248.25,847.0
2965,239.0,847.0
3428,279.75,847.0
4793,258.5,847.0
337,260.0,847.0
1380,266.5,847.0
1703,312.75,848.0
907,234.25,848.0
3031,291.75,848.0
715,256.75,848.0
4018,286.25,848.0
4193,198.5,848.0
3636,275.75,848.0
4795,258.0,849.0
2878,238.5,849.0
2173,225.0,849.0
313,245.75,849.0
3280,256.75,849.0
2186,234.75,849.0
1943,210.5,849.0
154,212.75,849.0
2977,319.5,849.0
1424,230.5,849.0
674,208.0,849.0
781,222.75,849.0
3709,245.5,849.0
1202,232.0,849.0
1476,261.75,849.0
4855,305.5,849.0
380,279.5,849.0
2649,293.25,850.0
1819,242.0,850.0
4909,223.5,850.0
1776,357.5,850.0
1259,265.5,850.0
6,392.25,850.0
3248,325.25,850.0
839,235.0,850.0
133,270.25,850.0
4512,295.0,850.0
2914,325.75,850.0
2791,287.5,850.0
4913,316.0,851.0
3991,283.25,851.0
3856,268.5,851.0
1661,233.25,851.0
3221,216.75,851.0
511,226.25,851.0
1344,281.5,851.0
4347,225.25,851.0
490,239.75,851.0
2506,254.0,851.0
1576,310.75,851.0
2547,280.75,851.0
1154,242.75,852.0
3702,289.0,852.0
276,270.5,852.0
3864,285.0,852.0
2773,221.5,853.0
304,230.75,853.0
3292,343.5,853.0
538,269.25,853.0
3928,263.25,853.0
4401,260.75,853.0
2535,232.5,853.0
3836,255.75,853.0
343,174.75,853.0
4447,313.25,853.0
20,307.75,853.0
365,224.0,853.0
4924,269.0,854.0
1033,269.25,854.0
4483,227.5,854.0
1318,211.5,854.0
584,302.75,854.0
3645,347.25,854.0
2233,274.25,854.0
370,297.5,854.0
4110,299.75,854.0
1993,242.25,854.0
3855,223.5,855.0
4734,226.5,855.0
1426,251.75,855.0
4417,272.25,855.0
2625,251.25,855.0
4023,239.75,855.0
4365,241.75,855.0
4328,245.0,855.0
898,298.25,856.0
4375,284.75,856.0
1931,223.75,856.0
1717,243.5,856.0
158,240.75,856.0
3263,279.25,856.0
1484,216.75,856.0
1998,249.5,857.0
816,371.0,857.0
2680,302.0,857.0
2988,243.75,857.0
881,250.0,858.0
675,255.0,858.0
3493,319.75,858.0
78,254.75,858.0
4391,298.5,858.0
4749,344.0,858.0
1310,290.0,858.0
1176,272.75,858.0
1837,244.75,859.0
1579,240.75,859.0
986,280.25,860.0
3883,268.25,860.0
4255,240.25,860.0
1578,263.25,861.0
3481,295.25,861.0
4189,232.0,861.0
384,226.25,861.0
3578,260.25,862.0
3606,235.75,862.0
3795,223.25,862.0
1414,250.5,863.0
4631,439.25,864.0
2936,287.75,864.0
2758,270.25,865.0
4319,269.75,865.0
872,216.75,865.0
3215,225.75,866.0
3563,243.5,867.0
3758,231.0,869.0
4204,254.75,869.0
1630,244.25,872.0
3047,229.25,878.0
2171,346.25,883.0
4342,249.75,889.0
